ticker,company,sector,industry,market_cap,pe,ps,ev_ebit,fcf_yield,revenue_growth,eps_growth,fcf_growth,gross_margin,operating_margin,net_margin,roic,roe,debt_to_equity,net_debt_ebitda,current_ratio,price,return_1m,return_3m,return_6m,return_12m,volatility,scan_date,scan_tii,scan_qualifies,entry_signal,new_high,trend_reversal,signal_type,price_score,volume_score,ma_score,macd_score,suggested_entry_ref,suggested_initial_stop,scan_notes,scan_error,Ticker,LastDate,LastClose,TII,Qualifies,EntrySignal,NewHigh,TrendReversal,SignalType,PriceScore,VolumeScore,MAScore,MACDScore,SuggestedEntryRef,SuggestedInitialStop,Notes,Error
CRWD,,,,,,,,,,,,,,,,,,,,270.0400085449219,32.74998081587191,35.43986454591597,170.63540975002684,116.0492944717439,72.73145459527694,2026-09-28,10,True,True,True,False,New High,3,2,2,3,270.0400085449219,229.53400726318358,"Price:Trend Up (HH & HL) [No reversal (no rally high between the lows)] | NewHigh:All-time weekly high close (prior 252.13) | Vol:Volume expanding, price rising | MA:Above EMA | MACD:MACD +3",,CRWD,2026-09-28,270.0400085449219,10,True,True,True,False,New High,3,2,2,3,270.0400085449219,229.53400726318358,"Price:Trend Up (HH & HL) [No reversal (no rally high between the lows)] | NewHigh:All-time weekly high close (prior 252.13) | Vol:Volume expanding, price rising | MA:Above EMA | MACD:MACD +3",
HPE,,,,,,,,,,,,,,,,,,,,69.33000183105469,34.10256079163882,61.078460150938895,183.25359000815968,183.11331990392702,65.75185452598589,2026-09-28,10,True,True,True,False,New High,3,2,2,3,69.33000183105469,58.930501556396486,"Price:Trend Up (HH & HL) [No reversal (no lower low into the base - trend was not down)] | NewHigh:All-time weekly high close (prior 62.94) | Vol:Volume expanding, price rising | MA:Above EMA | MACD:MACD +3",,HPE,2026-09-28,69.33000183105469,10,True,True,True,False,New High,3,2,2,3,69.33000183105469,58.930501556396486,"Price:Trend Up (HH & HL) [No reversal (no lower low into the base - trend was not down)] | NewHigh:All-time weekly high close (prior 62.94) | Vol:Volume expanding, price rising | MA:Above EMA | MACD:MACD +3",
NTAP,,,,,,,,,,,,,,,,,,,,226.27000427246094,25.170105064234715,38.76933062710246,119.60062707363464,94.28686089503601,42.7373606755269,2026-09-28,10,True,True,True,False,New High,3,2,2,3,226.27000427246094,192.3295036315918,"Price:Trend Up (HH & HL) [No reversal (no lower low into the base - trend was not down)] | NewHigh:All-time weekly high close (prior 207.08) | Vol:Volume expanding, price rising | MA:Above EMA | MACD:MACD +3",,NTAP,2026-09-28,226.27000427246094,10,True,True,True,False,New High,3,2,2,3,226.27000427246094,192.3295036315918,"Price:Trend Up (HH & HL) [No reversal (no lower low into the base - trend was not down)] | NewHigh:All-time weekly high close (prior 207.08) | Vol:Volume expanding, price rising | MA:Above EMA | MACD:MACD +3",
ALNT,,,,,,,,,,,,,,,,,,,,118.30000305175781,33.38595083466556,34.221999699282414,95.60340055697039,160.599486693993,67.89908026725851,2026-09-28,9,True,True,True,False,New High,3,1,2,3,118.30000305175781,100.55500259399413,"Price:Trend Up (HH & HL) [No reversal (no lower low into the base - trend was not down)] | NewHigh:All-time weekly high close (prior 116.01) | Vol:Volume contracting, price rising | MA:Above EMA | MACD:MACD +3",,ALNT,2026-09-28,118.30000305175781,9,True,True,True,False,New High,3,1,2,3,118.30000305175781,100.55500259399413,"Price:Trend Up (HH & HL) [No reversal (no lower low into the base - trend was not down)] | NewHigh:All-time weekly high close (prior 116.01) | Vol:Volume contracting, price rising | MA:Above EMA | MACD:MACD +3",
JCI,,,,,,,,,,,,,,,,,,,,156.24000549316406,12.515192995129553,9.779573389015717,18.155172821648712,44.728854207023836,27.447301794865027,2026-09-28,9,True,True,True,False,New High,3,1,2,3,156.24000549316406,132.80400466918945,"Price:Trend Up (HH & HL) [No reversal (no lower low into the base - trend was not down)] | NewHigh:All-time weekly high close (prior 153.21) | Vol:Volume contracting, price rising | MA:Above EMA | MACD:MACD +3",,JCI,2026-09-28,156.24000549316406,9,True,True,True,False,New High,3,1,2,3,156.24000549316406,132.80400466918945,"Price:Trend Up (HH & HL) [No reversal (no lower low into the base - trend was not down)] | NewHigh:All-time weekly high close (prior 153.21) | Vol:Volume contracting, price rising | MA:Above EMA | MACD:MACD +3",
PANW,,,,,,,,,,,,,,,,,,,,403.239990234375,22.75936944338404,12.78493877748561,147.06817820387576,94.99032122037845,60.74891154425356,2026-09-28,9,True,True,True,False,New High,3,1,2,3,403.239990234375,342.7539916992187,"Price:Trend Up (HH & HL) [No reversal (no lower low into the base - trend was not down)] | NewHigh:All-time weekly high close (prior 384.27) | Vol:Volume contracting, price rising | MA:Above EMA | MACD:MACD +3",,PANW,2026-09-28,403.239990234375,9,True,True,True,False,New High,3,1,2,3,403.239990234375,342.7539916992187,"Price:Trend Up (HH & HL) [No reversal (no lower low into the base - trend was not down)] | NewHigh:All-time weekly high close (prior 384.27) | Vol:Volume contracting, price rising | MA:Above EMA | MACD:MACD +3",
TER,,,,,,,,,,,,,,,,,,,,449.0400085449219,31.49478646201318,18.3633279641062,45.144603122541625,218.81362357065836,76.99710278631258,2026-09-28,8,True,True,True,True,New High,3,1,2,2,449.0400085449219,381.68400726318356,"Price:Trend Reversal (Reversal: higher low 326.00 > 296.71, close cleared 444.00 this week) | NewHigh:All-time weekly high close (prior 437.75) | Vol:Volume contracting, price rising | MA:Above EMA | MACD:MACD +2",,TER,2026-09-28,449.0400085449219,8,True,True,True,True,New High,3,1,2,2,449.0400085449219,381.68400726318356,"Price:Trend Reversal (Reversal: higher low 326.00 > 296.71, close cleared 444.00 this week) | NewHigh:All-time weekly high close (prior 437.75) | Vol:Volume contracting, price rising | MA:Above EMA | MACD:MACD +2",
APH,,,,,,,,,,,,,,,,,,,,86.95999908447266,8.814180605812627,4.424042185109833,36.29104769275096,40.48963468694768,40.23467278474306,2026-09-28,6,True,True,True,False,New High,0,1,2,3,86.95999908447266,73.91599922180175,"Price:Sideways/Mixed [No reversal (no lower low into the base - trend was not down)] | NewHigh:All-time weekly high close (prior 84.46) | Vol:Volume contracting, price rising | MA:Above EMA | MACD:MACD +3",,APH,2026-09-28,86.95999908447266,6,True,True,True,False,New High,0,1,2,3,86.95999908447266,73.91599922180175,"Price:Sideways/Mixed [No reversal (no lower low into the base - trend was not down)] | NewHigh:All-time weekly high close (prior 84.46) | Vol:Volume contracting, price rising | MA:Above EMA | MACD:MACD +3",
FFIV,,,,,,,,,,,,,,,,,,,,454.0400085449219,16.09901404684184,8.355012735989042,49.67529237167201,38.7271217240972,35.972564345653645,2026-09-28,6,True,True,True,False,New High,0,1,2,3,454.0400085449219,385.93400726318356,"Price:Sideways/Mixed [No reversal (no lower high into the base - trend was not down)] | NewHigh:All-time weekly high close (prior 443.06) | Vol:Volume contracting, price rising | MA:Above EMA | MACD:MACD +3",,FFIV,2026-09-28,454.0400085449219,6,True,True,True,False,New High,0,1,2,3,454.0400085449219,385.93400726318356,"Price:Sideways/Mixed [No reversal (no lower high into the base - trend was not down)] | NewHigh:All-time weekly high close (prior 443.06) | Vol:Volume contracting, price rising | MA:Above EMA | MACD:MACD +3",
FTNT,,,,,,,,,,,,,,,,,,,,180.9499969482422,17.08942979776822,11.456723218640995,119.25360429501733,112.4324915472525,44.39954665856781,2026-09-28,6,True,True,True,False,New High,0,1,2,3,180.9499969482422,153.80749740600587,"Price:Sideways/Mixed [No reversal (no rally high between the lows)] | NewHigh:All-time weekly high close (prior 173.46) | Vol:Volume contracting, price rising | MA:Above EMA | MACD:MACD +3",,FTNT,2026-09-28,180.9499969482422,6,True,True,True,False,New High,0,1,2,3,180.9499969482422,153.80749740600587,"Price:Sideways/Mixed [No reversal (no rally high between the lows)] | NewHigh:All-time weekly high close (prior 173.46) | Vol:Volume contracting, price rising | MA:Above EMA | MACD:MACD +3",
KEYS,,,,,,,,,,,,,,,,,,,,384.6400146484375,19.609437996540557,20.301504842122874,32.06978009403825,122.20681749625055,39.15155634859001,2026-09-28,6,True,True,True,False,New High,0,1,2,3,384.6400146484375,326.9440124511719,"Price:Sideways/Mixed [No reversal (no lower low into the base - trend was not down)] | NewHigh:All-time weekly high close (prior 363.67) | Vol:Volume contracting, price rising | MA:Above EMA | MACD:MACD +3",,KEYS,2026-09-28,384.6400146484375,6,True,True,True,False,New High,0,1,2,3,384.6400146484375,326.9440124511719,"Price:Sideways/Mixed [No reversal (no lower low into the base - trend was not down)] | NewHigh:All-time weekly high close (prior 363.67) | Vol:Volume contracting, price rising | MA:Above EMA | MACD:MACD +3",
NVDA,,,,,,,,,,,,,,,,,,,,233.9499969482422,4.367796703392446,19.77078628548592,32.18599940218567,25.24593943029818,38.46405551435388,2026-09-28,6,True,True,True,False,New High,0,1,2,3,233.9499969482422,198.85749740600585,"Price:Sideways/Mixed [No reversal (no rally high between the lows)] | NewHigh:All-time weekly high close (prior 230.10) | Vol:Volume contracting, price rising | MA:Above EMA | MACD:MACD +3",,NVDA,2026-09-28,233.9499969482422,6,True,True,True,False,New High,0,1,2,3,233.9499969482422,198.85749740600585,"Price:Sideways/Mixed [No reversal (no rally high between the lows)] | NewHigh:All-time weekly high close (prior 230.10) | Vol:Volume contracting, price rising | MA:Above EMA | MACD:MACD +3",
DDOG,,,,,,,,,,,,,,,,,,,,277.2200012207031,32.495343345368696,8.556215107999975,130.32568944409,81.5455185075525,65.61307649100085,2026-09-28,5,True,True,True,False,New High,0,1,2,2,277.2200012207031,235.63700103759766,"Price:Sideways/Mixed [No reversal (second low not higher)] | NewHigh:All-time weekly high close (prior 268.13) | Vol:Volume contracting, price rising | MA:Above EMA | MACD:MACD +2",,DDOG,2026-09-28,277.2200012207031,5,True,True,True,False,New High,0,1,2,2,277.2200012207031,235.63700103759766,"Price:Sideways/Mixed [No reversal (second low not higher)] | NewHigh:All-time weekly high close (prior 268.13) | Vol:Volume contracting, price rising | MA:Above EMA | MACD:MACD +2",
A,,,,,,,,,,,,,,,,,,,,167.77999877929688,10.826342199436677,28.468599493258683,45.568680551450626,21.797825642916102,29.701763980266033,2026-09-28,10,False,False,False,False,,3,2,2,3,167.77999877929688,142.61299896240234,"Price:Trend Up (HH & HL) [No reversal (no lower low into the base - trend was not down)] | NewHigh:No | Vol:Volume expanding, price rising | MA:Above EMA | MACD:MACD +3",,A,2026-09-28,167.77999877929688,10,False,False,False,False,,3,2,2,3,167.77999877929688,142.61299896240234,"Price:Trend Up (HH & HL) [No reversal (no lower low into the base - trend was not down)] | NewHigh:No | Vol:Volume expanding, price rising | MA:Above EMA | MACD:MACD +3",
EMR,,,,,,,,,,,,,,,,,,,,161.61000061035156,8.477651527061925,14.550774828248558,23.624469567115412,25.122543923484763,28.515067429812596,2026-09-28,10,False,False,False,False,,3,2,2,3,161.61000061035156,137.3685005187988,"Price:Trend Up (HH & HL) [No reversal (no lower low into the base - trend was not down)] | NewHigh:No | Vol:Volume expanding, price rising | MA:Above EMA | MACD:MACD +3",,EMR,2026-09-28,161.61000061035156,10,False,False,False,False,,3,2,2,3,161.61000061035156,137.3685005187988,"Price:Trend Up (HH & HL) [No reversal (no lower low into the base - trend was not down)] | NewHigh:No | Vol:Volume expanding, price rising | MA:Above EMA | MACD:MACD +3",
ETN,,,,,,,,,,,,,,,,,,,,436.1099853515625,11.579884493096282,5.747901129653776,21.404355041710723,17.95749966405049,43.76681534873439,2026-09-28,10,False,False,False,False,,3,2,2,3,436.1099853515625,370.6934875488281,"Price:Trend Up (HH & HL) [No reversal (no lower high into the base - trend was not down)] | NewHigh:No | Vol:Volume expanding, price rising | MA:Above EMA | MACD:MACD +3",,ETN,2026-09-28,436.1099853515625,10,False,False,False,False,,3,2,2,3,436.1099853515625,370.6934875488281,"Price:Trend Up (HH & HL) [No reversal (no lower high into the base - trend was not down)] | NewHigh:No | Vol:Volume expanding, price rising | MA:Above EMA | MACD:MACD +3",
FAST,,,,,,,,,,,,,,,,,,,,50.75,5.88357954698302,5.627181956482774,10.800008594953336,8.659638209801734,22.524375264566647,2026-09-28,10,False,False,False,False,,3,2,2,3,50.75,43.137499999999996,"Price:Trend Up (HH & HL) [No reversal (no lower low into the base - trend was not down)] | NewHigh:No | Vol:Volume expanding, price rising | MA:Above EMA | MACD:MACD +3",,FAST,2026-09-28,50.75,10,False,False,False,False,,3,2,2,3,50.75,43.137499999999996,"Price:Trend Up (HH & HL) [No reversal (no lower low into the base - trend was not down)] | NewHigh:No | Vol:Volume expanding, price rising | MA:Above EMA | MACD:MACD +3",
MRNA,,,,,,,,,,,,,,,,,,,,190.00999450683594,25.992969685588598,132.28604818829868,286.1991698381506,588.4419995675295,365.55111367923996,2026-09-28,10,False,False,False,False,,3,2,2,3,190.00999450683594,161.50849533081055,"Price:Trend Up (HH & HL) [No reversal (no lower low into the base - trend was not down)] | NewHigh:No | Vol:Volume expanding, price rising | MA:Above EMA | MACD:MACD +3",,MRNA,2026-09-28,190.00999450683594,10,False,False,False,False,,3,2,2,3,190.00999450683594,161.50849533081055,"Price:Trend Up (HH & HL) [No reversal (no lower low into the base - trend was not down)] | NewHigh:No | Vol:Volume expanding, price rising | MA:Above EMA | MACD:MACD +3",
MTD,,,,,,,,,,,,,,,,,,,,1486.18994140625,8.6602681809119,14.714090755423337,17.957205146419653,15.224605239061706,27.28990399506354,2026-09-28,10,False,False,False,False,,3,2,2,3,1486.18994140625,1263.2614501953124,"Price:Trend Up (HH & HL) [No reversal (no lower low into the base - trend was not down)] | NewHigh:No | Vol:Volume expanding, price rising | MA:Above EMA | MACD:MACD +3",,MTD,2026-09-28,1486.18994140625,10,False,False,False,False,,3,2,2,3,1486.18994140625,1263.2614501953124,"Price:Trend Up (HH & HL) [No reversal (no lower low into the base - trend was not down)] | NewHigh:No | Vol:Volume expanding, price rising | MA:Above EMA | MACD:MACD +3",
NDSN,,,,,,,,,,,,,,,,,,,,333.5400085449219,5.656979431890097,13.921434370537167,27.514102231891346,47.754303210096595,24.343814284784948,2026-09-28,10,False,False,False,False,,3,2,2,3,333.5400085449219,283.5090072631836,"Price:Trend Up (HH & HL) [No reversal (no lower low into the base - trend was not down)] | NewHigh:No | Vol:Volume expanding, price rising | MA:Above EMA | MACD:MACD +3",,NDSN,2026-09-28,333.5400085449219,10,False,False,False,False,,3,2,2,3,333.5400085449219,283.5090072631836,"Price:Trend Up (HH & HL) [No reversal (no lower low into the base - trend was not down)] | NewHigh:No | Vol:Volume expanding, price rising | MA:Above EMA | MACD:MACD +3",
QCOM,,,,,,,,,,,,,,,,,,,,184.8699951171875,9.364639003824271,-0.3238091586844183,47.13144957140134,13.352075590005441,45.891379904377516,2026-09-28,10,False,False,False,False,,3,2,2,3,184.8699951171875,157.13949584960938,"Price:Trend Up (HH & HL) [No reversal (no lower high into the base - trend was not down)] | NewHigh:No | Vol:Volume expanding, price rising | MA:Above EMA | MACD:MACD +3",,QCOM,2026-09-28,184.8699951171875,10,False,False,False,False,,3,2,2,3,184.8699951171875,157.13949584960938,"Price:Trend Up (HH & HL) [No reversal (no lower high into the base - trend was not down)] | NewHigh:No | Vol:Volume expanding, price rising | MA:Above EMA | MACD:MACD +3",
AES,,,,,,,,,,,,,,,,,,,,14.90999984741211,0.7432409139163987,3.560954652154691,6.817320643374414,1.8362585189676706,2.820984979320996,2026-09-28,9,False,False,False,False,,3,2,2,2,14.90999984741211,12.673499870300292,"Price:Trend Up (HH & HL) [No reversal (no lower low into the base - trend was not down)] | NewHigh:No | Vol:Volume expanding, price rising | MA:Above EMA | MACD:MACD +2",,AES,2026-09-28,14.90999984741211,9,False,False,False,False,,3,2,2,2,14.90999984741211,12.673499870300292,"Price:Trend Up (HH & HL) [No reversal (no lower low into the base - trend was not down)] | NewHigh:No | Vol:Volume expanding, price rising | MA:Above EMA | MACD:MACD +2",
ALLE,,,,,,,,,,,,,,,,,,,,154.2100067138672,-0.2013489689678627,10.43084093492066,10.162864077696355,-11.738840490048519,30.218376456011185,2026-09-28,9,False,False,False,False,,3,2,2,2,154.2100067138672,131.0785057067871,"Price:Trend Up (HH & HL) [No reversal (no lower high into the base - trend was not down)] | NewHigh:No | Vol:Volume expanding, price rising | MA:Above EMA | MACD:MACD +2",,ALLE,2026-09-28,154.2100067138672,9,False,False,False,False,,3,2,2,2,154.2100067138672,131.0785057067871,"Price:Trend Up (HH & HL) [No reversal (no lower high into the base - trend was not down)] | NewHigh:No | Vol:Volume expanding, price rising | MA:Above EMA | MACD:MACD +2",
AMD,,,,,,,,,,,,,,,,,,,,633.9099731445312,38.69294546243152,14.82836467016857,191.45286121587642,286.5069168806721,65.52972007745517,2026-09-28,9,False,False,False,False,,3,1,2,3,633.9099731445312,538.8234771728515,"Price:Trend Up (HH & HL) [No reversal (no rally high between the lows)] | NewHigh:No | Vol:Volume contracting, price rising | MA:Above EMA | MACD:MACD +3",,AMD,2026-09-28,633.9099731445312,9,False,False,False,False,,3,1,2,3,633.9099731445312,538.8234771728515,"Price:Trend Up (HH & HL) [No reversal (no rally high between the lows)] | NewHigh:No | Vol:Volume contracting, price rising | MA:Above EMA | MACD:MACD +3",
AME,,,,,,,,,,,,,,,,,,,,251.92999267578125,8.19380553247977,6.391636560842628,15.752167222274792,35.22778825832944,22.160334734415482,2026-09-28,9,False,False,False,False,,3,2,2,2,251.92999267578125,214.14049377441407,"Price:Trend Up (HH & HL) [No reversal (no lower low into the base - trend was not down)] | NewHigh:No | Vol:Volume expanding, price rising | MA:Above EMA | MACD:MACD +2",,AME,2026-09-28,251.92999267578125,9,False,False,False,False,,3,2,2,2,251.92999267578125,214.14049377441407,"Price:Trend Up (HH & HL) [No reversal (no lower low into the base - trend was not down)] | NewHigh:No | Vol:Volume expanding, price rising | MA:Above EMA | MACD:MACD +2",
AMGN,,,,,,,,,,,,,,,,,,,,403.0400085449219,-8.98744199306718,10.630771768293524,17.39285718412662,38.76730833042108,33.733357565489264,2026-09-28,9,False,False,False,False,,3,2,2,2,403.0400085449219,342.5840072631836,"Price:Trend Up (HH & HL) [No reversal (no lower low into the base - trend was not down)] | NewHigh:No | Vol:Volume expanding, price rising | MA:Above EMA | MACD:MACD +2",,AMGN,2026-09-28,403.0400085449219,9,False,False,False,False,,3,2,2,2,403.0400085449219,342.5840072631836,"Price:Trend Up (HH & HL) [No reversal (no lower low into the base - trend was not down)] | NewHigh:No | Vol:Volume expanding, price rising | MA:Above EMA | MACD:MACD +2",
BIIB,,,,,,,,,,,,,,,,,,,,219.8800048828125,-1.2529722500001839,5.478268157508226,23.987825320504275,42.5755434719157,34.77162046999638,2026-09-28,9,False,False,False,False,,3,2,2,2,219.8800048828125,186.89800415039062,"Price:Trend Up (HH & HL) [No reversal (no lower low into the base - trend was not down)] | NewHigh:No | Vol:Volume expanding, price rising | MA:Above EMA | MACD:MACD +2",,BIIB,2026-09-28,219.8800048828125,9,False,False,False,False,,3,2,2,2,219.8800048828125,186.89800415039062,"Price:Trend Up (HH & HL) [No reversal (no lower low into the base - trend was not down)] | NewHigh:No | Vol:Volume expanding, price rising | MA:Above EMA | MACD:MACD +2",
CEVA,,,,,,,,,,,,,,,,,,,,37.099998474121094,41.3333275204613,-16.890683285438822,88.90020176719158,35.69860375662566,81.29828863461286,2026-09-28,9,False,False,False,False,,3,2,2,2,37.099998474121094,31.53499870300293,"Price:Trend Up (HH & HL) [No reversal (no lower high into the base - trend was not down)] | NewHigh:No | Vol:Volume expanding, price rising | MA:Above EMA | MACD:MACD +2",,CEVA,2026-09-28,37.099998474121094,9,False,False,False,False,,3,2,2,2,37.099998474121094,31.53499870300293,"Price:Trend Up (HH & HL) [No reversal (no lower high into the base - trend was not down)] | NewHigh:No | Vol:Volume expanding, price rising | MA:Above EMA | MACD:MACD +2",
CRL,,,,,,,,,,,,,,,,,,,,290.19000244140625,-0.5381160103058558,25.38997175182218,66.88136377018188,70.2193862705086,40.78873785691137,2026-09-28,9,False,False,False,False,,3,2,2,2,290.19000244140625,246.6615020751953,"Price:Trend Up (HH & HL) [No reversal (no rally high between the lows)] | NewHigh:No | Vol:Volume expanding, price rising | MA:Above EMA | MACD:MACD +2",,CRL,2026-09-28,290.19000244140625,9,False,False,False,False,,3,2,2,2,290.19000244140625,246.6615020751953,"Price:Trend Up (HH & HL) [No reversal (no rally high between the lows)] | NewHigh:No | Vol:Volume expanding, price rising | MA:Above EMA | MACD:MACD +2",
DE,,,,,,,,,,,,,,,,,,,,687.0,-1.3933335114637901,8.4061776009716,19.925703608625554,53.81731313357969,32.942897631749375,2026-09-28,9,False,False,False,False,,3,2,2,2,687.0,583.9499999999999,"Price:Trend Up (HH & HL) [No reversal (no rally high between the lows)] | NewHigh:No | Vol:Volume expanding, price rising | MA:Above EMA | MACD:MACD +2",,DE,2026-09-28,687.0,9,False,False,False,False,,3,2,2,2,687.0,583.9499999999999,"Price:Trend Up (HH & HL) [No reversal (no rally high between the lows)] | NewHigh:No | Vol:Volume expanding, price rising | MA:Above EMA | MACD:MACD +2",
DHR,,,,,,,,,,,,,,,,,,,,214.05999755859375,2.157755357686675,10.752692586316549,12.434194955806177,1.296687565081145,37.76900685901218,2026-09-28,9,False,False,False,False,,3,2,2,2,214.05999755859375,181.95099792480468,"Price:Trend Up (HH & HL) [No reversal (no rally high between the lows)] | NewHigh:No | Vol:Volume expanding, price rising | MA:Above EMA | MACD:MACD +2",,DHR,2026-09-28,214.05999755859375,9,False,False,False,False,,3,2,2,2,214.05999755859375,181.95099792480468,"Price:Trend Up (HH & HL) [No reversal (no rally high between the lows)] | NewHigh:No | Vol:Volume expanding, price rising | MA:Above EMA | MACD:MACD +2",
FDS,,,,,,,,,,,,,,,,,,,,266.0,-13.09177847072508,5.869309408987955,17.843101745354684,-5.568541799382032,48.19123439062069,2026-09-28,9,False,False,False,False,,3,2,2,2,266.0,226.1,"Price:Trend Up (HH & HL) [No reversal (no lower low into the base - trend was not down)] | NewHigh:No | Vol:Volume expanding, price rising | MA:Above EMA | MACD:MACD +2",,FDS,2026-09-28,266.0,9,False,False,False,False,,3,2,2,2,266.0,226.1,"Price:Trend Up (HH & HL) [No reversal (no lower low into the base - trend was not down)] | NewHigh:No | Vol:Volume expanding, price rising | MA:Above EMA | MACD:MACD +2",
HOOD,,,,,,,,,,,,,,,,,,,,112.73999786376953,5.374334157218574,-4.091880104733314,63.62844030043205,-18.97369673831045,70.46615677941384,2026-09-28,9,False,False,False,False,,3,2,2,2,112.73999786376953,95.8289981842041,"Price:Trend Up (HH & HL) [No reversal (close has not cleared the high point)] | NewHigh:No | Vol:Volume expanding, price rising | MA:Above EMA | MACD:MACD +2",,HOOD,2026-09-28,112.73999786376953,9,False,False,False,False,,3,2,2,2,112.73999786376953,95.8289981842041,"Price:Trend Up (HH & HL) [No reversal (close has not cleared the high point)] | NewHigh:No | Vol:Volume expanding, price rising | MA:Above EMA | MACD:MACD +2",
IEX,,,,,,,,,,,,,,,,,,,,232.99000549316406,4.061406537906187,4.130946434860117,23.553687744970443,44.55015238168989,18.537455282128455,2026-09-28,9,False,False,False,False,,3,2,2,2,232.99000549316406,198.04150466918944,"Price:Trend Up (HH & HL) [No reversal (no lower low into the base - trend was not down)] | NewHigh:No | Vol:Volume expanding, price rising | MA:Above EMA | MACD:MACD +2",,IEX,2026-09-28,232.99000549316406,9,False,False,False,False,,3,2,2,2,232.99000549316406,198.04150466918944,"Price:Trend Up (HH & HL) [No reversal (no lower low into the base - trend was not down)] | NewHigh:No | Vol:Volume expanding, price rising | MA:Above EMA | MACD:MACD +2",
MPC,,,,,,,,,,,,,,,,,,,,422.3299865722656,9.129195496709475,57.43574516833814,75.85844972749005,123.27708345517871,36.04426412307843,2026-09-28,9,False,False,False,False,,3,2,2,2,422.3299865722656,358.9804885864258,"Price:Trend Up (HH & HL) [No reversal (no lower low into the base - trend was not down)] | NewHigh:No | Vol:Volume expanding, price rising | MA:Above EMA | MACD:MACD +2",,MPC,2026-09-28,422.3299865722656,9,False,False,False,False,,3,2,2,2,422.3299865722656,358.9804885864258,"Price:Trend Up (HH & HL) [No reversal (no lower low into the base - trend was not down)] | NewHigh:No | Vol:Volume expanding, price rising | MA:Above EMA | MACD:MACD +2",
MRK,,,,,,,,,,,,,,,,,,,,144.3000030517578,-4.278701829089182,14.491069653104049,20.952742603945353,64.80329758383287,34.238332476842885,2026-09-28,9,False,False,False,False,,3,2,2,2,144.3000030517578,122.65500259399414,"Price:Trend Up (HH & HL) [No reversal (no rally high between the lows)] | NewHigh:No | Vol:Volume expanding, price rising | MA:Above EMA | MACD:MACD +2",,MRK,2026-09-28,144.3000030517578,9,False,False,False,False,,3,2,2,2,144.3000030517578,122.65500259399414,"Price:Trend Up (HH & HL) [No reversal (no rally high between the lows)] | NewHigh:No | Vol:Volume expanding, price rising | MA:Above EMA | MACD:MACD +2",
VLO,,,,,,,,,,,,,,,,,,,,406.29998779296875,10.983635679016324,50.88419362932704,67.8921864264291,147.45892788487586,35.37872200982468,2026-09-28,9,False,False,False,False,,3,2,2,2,406.29998779296875,345.3549896240234,"Price:Trend Up (HH & HL) [No reversal (no lower low into the base - trend was not down)] | NewHigh:No | Vol:Volume expanding, price rising | MA:Above EMA | MACD:MACD +2",,VLO,2026-09-28,406.29998779296875,9,False,False,False,False,,3,2,2,2,406.29998779296875,345.3549896240234,"Price:Trend Up (HH & HL) [No reversal (no lower low into the base - trend was not down)] | NewHigh:No | Vol:Volume expanding, price rising | MA:Above EMA | MACD:MACD +2",
VLTO,,,,,,,,,,,,,,,,,,,,94.68000030517578,-2.4714306113834628,2.516778897724836,7.8823722913345495,-10.210178661521475,22.90329277819838,2026-09-28,9,False,False,False,False,,3,2,2,2,94.68000030517578,80.47800025939941,"Price:Trend Up (HH & HL) [No reversal (no lower low into the base - trend was not down)] | NewHigh:No | Vol:Volume expanding, price rising | MA:Above EMA | MACD:MACD +2",,VLTO,2026-09-28,94.68000030517578,9,False,False,False,False,,3,2,2,2,94.68000030517578,80.47800025939941,"Price:Trend Up (HH & HL) [No reversal (no lower low into the base - trend was not down)] | NewHigh:No | Vol:Volume expanding, price rising | MA:Above EMA | MACD:MACD +2",
VTRS,,,,,,,,,,,,,,,,,,,,17.600000381469727,2.9842025999315736,5.547619837414364,32.90344631208442,80.61410568118662,28.144809874036326,2026-09-28,9,False,False,False,False,,3,2,2,2,17.600000381469727,14.960000324249267,"Price:Trend Up (HH & HL) [No reversal (no lower low into the base - trend was not down)] | NewHigh:No | Vol:Volume expanding, price rising | MA:Above EMA | MACD:MACD +2",,VTRS,2026-09-28,17.600000381469727,9,False,False,False,False,,3,2,2,2,17.600000381469727,14.960000324249267,"Price:Trend Up (HH & HL) [No reversal (no lower low into the base - trend was not down)] | NewHigh:No | Vol:Volume expanding, price rising | MA:Above EMA | MACD:MACD +2",
AAPL,,,,,,,,,,,,,,,,,,,,333.69000244140625,2.6864879418655896,6.818197581868257,30.6210883034,31.11084425083952,26.72397215566029,2026-09-28,8,False,False,False,False,,3,1,2,2,333.69000244140625,283.6365020751953,"Price:Trend Up (HH & HL) [No reversal (no rally high between the lows)] | NewHigh:No | Vol:Volume contracting, price rising | MA:Above EMA | MACD:MACD +2",,AAPL,2026-09-28,333.69000244140625,8,False,False,False,False,,3,1,2,2,333.69000244140625,283.6365020751953,"Price:Trend Up (HH & HL) [No reversal (no rally high between the lows)] | NewHigh:No | Vol:Volume contracting, price rising | MA:Above EMA | MACD:MACD +2",
ABBV,,,,,,,,,,,,,,,,,,,,262.82000732421875,0.42029883019449876,3.8980752205142855,27.79478368923325,10.881996185604725,21.256605746533268,2026-09-22,8,False,False,False,False,,3,1,2,2,266.2799987792969,226.33799896240234,"Price:Trend Up (HH & HL) [No reversal (no lower high into the base - trend was not down)] | NewHigh:No | Vol:Volume contracting, price rising | MA:Above EMA | MACD:MACD +2",,ABBV,2026-09-22,262.82000732421875,8,False,False,False,False,,3,1,2,2,266.2799987792969,226.33799896240234,"Price:Trend Up (HH & HL) [No reversal (no lower high into the base - trend was not down)] | NewHigh:No | Vol:Volume contracting, price rising | MA:Above EMA | MACD:MACD +2",
AMAT,,,,,,,,,,,,,,,,,,,,540.0399780273438,23.167447099371863,-8.80118599486266,55.333183232014946,149.3923748861628,64.2421779064937,2026-09-28,8,False,False,False,False,,3,1,2,2,540.0399780273438,459.0339813232422,"Price:Trend Up (HH & HL) [No reversal (no lower low into the base - trend was not down)] | NewHigh:No | Vol:Volume contracting, price rising | MA:Above EMA | MACD:MACD +2",,AMAT,2026-09-28,540.0399780273438,8,False,False,False,False,,3,1,2,2,540.0399780273438,459.0339813232422,"Price:Trend Up (HH & HL) [No reversal (no lower low into the base - trend was not down)] | NewHigh:No | Vol:Volume contracting, price rising | MA:Above EMA | MACD:MACD +2",
ANET,,,,,,,,,,,,,,,,,,,,207.35000610351562,11.418591780260323,19.66182338656004,63.68014335649153,38.90935899287702,50.29428215020014,2026-09-28,8,False,False,False,False,,3,1,2,2,207.35000610351562,176.24750518798828,"Price:Trend Up (HH & HL) [No reversal (no lower low into the base - trend was not down)] | NewHigh:No | Vol:Volume contracting, price rising | MA:Above EMA | MACD:MACD +2",,ANET,2026-09-28,207.35000610351562,8,False,False,False,False,,3,1,2,2,207.35000610351562,176.24750518798828,"Price:Trend Up (HH & HL) [No reversal (no lower low into the base - trend was not down)] | NewHigh:No | Vol:Volume contracting, price rising | MA:Above EMA | MACD:MACD +2",
DXCM,,,,,,,,,,,,,,,,,,,,85.36000061035156,-4.827741903433935,17.933136017521267,37.190612239893085,29.176752792152815,39.90400854733457,2026-09-28,8,False,False,False,False,,3,1,2,2,85.36000061035156,72.55600051879883,"Price:Trend Up (HH & HL) [No reversal (no lower low into the base - trend was not down)] | NewHigh:No | Vol:Volume contracting, price rising | MA:Above EMA | MACD:MACD +2",,DXCM,2026-09-28,85.36000061035156,8,False,False,False,False,,3,1,2,2,85.36000061035156,72.55600051879883,"Price:Trend Up (HH & HL) [No reversal (no lower low into the base - trend was not down)] | NewHigh:No | Vol:Volume contracting, price rising | MA:Above EMA | MACD:MACD +2",
FCX,,,,,,,,,,,,,,,,,,,,72.04000091552734,-2.5564715025655382,18.385011595677426,17.911158796246696,86.27382592332265,46.26358636707937,2026-09-28,8,False,False,False,False,,3,1,2,2,72.04000091552734,61.234000778198244,"Price:Trend Up (HH & HL) [No reversal (no lower low into the base - trend was not down)] | NewHigh:No | Vol:Volume contracting, price rising | MA:Above EMA | MACD:MACD +2",,FCX,2026-09-28,72.04000091552734,8,False,False,False,False,,3,1,2,2,72.04000091552734,61.234000778198244,"Price:Trend Up (HH & HL) [No reversal (no lower low into the base - trend was not down)] | NewHigh:No | Vol:Volume contracting, price rising | MA:Above EMA | MACD:MACD +2",
GWW,,,,,,,,,,,,,,,,,,,,1280.300048828125,-0.3541212471703248,-6.375877328525825,15.02928096787539,36.74571646883953,21.78317530941209,2026-09-28,8,False,False,False,False,,3,2,1,2,1280.300048828125,1088.255041503906,"Price:Trend Up (HH & HL) [No reversal (no lower low into the base - trend was not down)] | NewHigh:No | Vol:Volume expanding, price rising | MA:Fresh cross above EMA | MACD:MACD +2",,GWW,2026-09-28,1280.300048828125,8,False,False,False,False,,3,2,1,2,1280.300048828125,1088.255041503906,"Price:Trend Up (HH & HL) [No reversal (no lower low into the base - trend was not down)] | NewHigh:No | Vol:Volume expanding, price rising | MA:Fresh cross above EMA | MACD:MACD +2",
KLAC,,,,,,,,,,,,,,,,,,,,206.88999938964844,20.103335647928546,-11.223764223029198,36.72383752031762,84.2604433953732,55.361863156889626,2026-09-28,8,False,False,False,False,,3,1,2,2,206.88999938964844,175.85649948120115,"Price:Trend Up (HH & HL) [No reversal (no lower low into the base - trend was not down)] | NewHigh:No | Vol:Volume contracting, price rising | MA:Above EMA | MACD:MACD +2",,KLAC,2026-09-28,206.88999938964844,8,False,False,False,False,,3,1,2,2,206.88999938964844,175.85649948120115,"Price:Trend Up (HH & HL) [No reversal (no lower low into the base - trend was not down)] | NewHigh:No | Vol:Volume contracting, price rising | MA:Above EMA | MACD:MACD +2",
MU,,,,,,,,,,,,,,,,,,,,1074.8900146484375,12.42678389202534,9.153593769833712,193.53850195172873,491.05976279071797,75.64647602790282,2026-09-28,8,False,False,False,False,,3,1,2,2,1074.8900146484375,913.6565124511718,"Price:Trend Up (HH & HL) [No reversal (no lower low into the base - trend was not down)] | NewHigh:No | Vol:Volume contracting, price rising | MA:Above EMA | MACD:MACD +2",,MU,2026-09-28,1074.8900146484375,8,False,False,False,False,,3,1,2,2,1074.8900146484375,913.6565124511718,"Price:Trend Up (HH & HL) [No reversal (no lower low into the base - trend was not down)] | NewHigh:No | Vol:Volume contracting, price rising | MA:Above EMA | MACD:MACD +2",
NOW,,,,,,,,,,,,,,,,,,,,134.3800048828125,-1.711524515065821,24.50662883614234,31.745102826286775,-26.361468575101,56.87993194812487,2026-09-28,8,False,False,False,False,,3,1,2,2,134.3800048828125,114.22300415039062,"Price:Trend Up (HH & HL) [No reversal (no rally high between the lows)] | NewHigh:No | Vol:Volume contracting, price rising | MA:Above EMA | MACD:MACD +2",,NOW,2026-09-28,134.3800048828125,8,False,False,False,False,,3,1,2,2,134.3800048828125,114.22300415039062,"Price:Trend Up (HH & HL) [No reversal (no rally high between the lows)] | NewHigh:No | Vol:Volume contracting, price rising | MA:Above EMA | MACD:MACD +2",
PAYC,,,,,,,,,,,,,,,,,,,,220.99000549316406,-6.459256934110447,58.2218538376182,79.63449218170533,11.969618497885627,61.21110575812728,2026-09-28,8,False,False,False,False,,3,1,2,2,220.99000549316406,187.84150466918945,"Price:Trend Up (HH & HL) [No reversal (no lower low into the base - trend was not down)] | NewHigh:No | Vol:Volume contracting, price rising | MA:Above EMA | MACD:MACD +2",,PAYC,2026-09-28,220.99000549316406,8,False,False,False,False,,3,1,2,2,220.99000549316406,187.84150466918945,"Price:Trend Up (HH & HL) [No reversal (no lower low into the base - trend was not down)] | NewHigh:No | Vol:Volume contracting, price rising | MA:Above EMA | MACD:MACD +2",
PLTR,,,,,,,,,,,,,,,,,,,,188.75,11.383212865501612,42.40984575313709,27.138617448526258,2.054611037826204,75.43227468418921,2026-09-28,8,False,False,False,False,,3,1,2,2,188.75,160.4375,"Price:Trend Up (HH & HL) [No reversal (no lower low into the base - trend was not down)] | NewHigh:No | Vol:Volume contracting, price rising | MA:Above EMA | MACD:MACD +2",,PLTR,2026-09-28,188.75,8,False,False,False,False,,3,1,2,2,188.75,160.4375,"Price:Trend Up (HH & HL) [No reversal (no lower low into the base - trend was not down)] | NewHigh:No | Vol:Volume contracting, price rising | MA:Above EMA | MACD:MACD +2",
SLAB,,,,,,,,,,,,,,,,,,,,222.75999450683594,1.1487984508826488,2.3854331975469156,6.517472053644857,70.31883625798334,3.7532127038554526,2026-09-28,8,False,False,False,False,,3,1,2,2,222.75999450683594,189.34599533081055,"Price:Trend Up (HH & HL) [No reversal (no lower high into the base - trend was not down)] | NewHigh:No | Vol:Volume contracting, price rising | MA:Above EMA | MACD:MACD +2",,SLAB,2026-09-28,222.75999450683594,8,False,False,False,False,,3,1,2,2,222.75999450683594,189.34599533081055,"Price:Trend Up (HH & HL) [No reversal (no lower high into the base - trend was not down)] | NewHigh:No | Vol:Volume contracting, price rising | MA:Above EMA | MACD:MACD +2",
SOLV,,,,,,,,,,,,,,,,,,,,87.8499984741211,-4.406967338969348,12.714903415822931,38.19411498482943,20.27655719188981,29.484068406247623,2026-09-28,8,False,False,False,False,,3,1,2,2,87.8499984741211,74.67249870300293,"Price:Trend Up (HH & HL) [No reversal (no lower high into the base - trend was not down)] | NewHigh:No | Vol:Volume contracting, price rising | MA:Above EMA | MACD:MACD +2",,SOLV,2026-09-28,87.8499984741211,8,False,False,False,False,,3,1,2,2,87.8499984741211,74.67249870300293,"Price:Trend Up (HH & HL) [No reversal (no lower high into the base - trend was not down)] | NewHigh:No | Vol:Volume contracting, price rising | MA:Above EMA | MACD:MACD +2",
SWK,,,,,,,,,,,,,,,,,,,,91.33999633789062,-4.907713639645827,-0.4592532088526169,35.66396908903977,29.392358964559897,31.350856568090034,2026-09-28,8,False,False,False,False,,3,2,2,1,91.33999633789062,77.63899688720703,"Price:Trend Up (HH & HL) [No reversal (no lower low into the base - trend was not down)] | NewHigh:No | Vol:Volume expanding, price rising | MA:Above EMA | MACD:MACD +1",,SWK,2026-09-28,91.33999633789062,8,False,False,False,False,,3,2,2,1,91.33999633789062,77.63899688720703,"Price:Trend Up (HH & HL) [No reversal (no lower low into the base - trend was not down)] | NewHigh:No | Vol:Volume expanding, price rising | MA:Above EMA | MACD:MACD +1",
TGT,,,,,,,,,,,,,,,,,,,,156.0,-4.50538723240258,24.66089019437112,31.741457729396316,82.09220473959785,28.000710454277627,2026-09-28,8,False,False,False,False,,3,1,2,2,156.0,132.6,"Price:Trend Up (HH & HL) [No reversal (no rally high between the lows)] | NewHigh:No | Vol:Volume contracting, price rising | MA:Above EMA | MACD:MACD +2",,TGT,2026-09-28,156.0,8,False,False,False,False,,3,1,2,2,156.0,132.6,"Price:Trend Up (HH & HL) [No reversal (no rally high between the lows)] | NewHigh:No | Vol:Volume contracting, price rising | MA:Above EMA | MACD:MACD +2",
WAB,,,,,,,,,,,,,,,,,,,,287.5400085449219,2.7625928500676356,10.15146876052533,13.499636087496093,45.48929812354678,28.51394759678784,2026-09-28,8,False,False,False,False,,3,2,2,1,287.5400085449219,244.40900726318358,"Price:Trend Up (HH & HL) [No reversal (no lower low into the base - trend was not down)] | NewHigh:No | Vol:Volume expanding, price rising | MA:Above EMA | MACD:MACD +1",,WAB,2026-09-28,287.5400085449219,8,False,False,False,False,,3,2,2,1,287.5400085449219,244.40900726318358,"Price:Trend Up (HH & HL) [No reversal (no lower low into the base - trend was not down)] | NewHigh:No | Vol:Volume expanding, price rising | MA:Above EMA | MACD:MACD +1",
WSM,,,,,,,,,,,,,,,,,,,,232.3000030517578,4.771785031934583,4.130646640914004,29.879724857238223,20.620206323443945,27.832657830935865,2026-09-28,8,False,False,False,False,,3,2,2,1,232.3000030517578,197.45500259399412,"Price:Trend Up (HH & HL) [No reversal (no lower high into the base - trend was not down)] | NewHigh:No | Vol:Volume expanding, price rising | MA:Above EMA | MACD:MACD +1",,WSM,2026-09-28,232.3000030517578,8,False,False,False,False,,3,2,2,1,232.3000030517578,197.45500259399412,"Price:Trend Up (HH & HL) [No reversal (no lower high into the base - trend was not down)] | NewHigh:No | Vol:Volume expanding, price rising | MA:Above EMA | MACD:MACD +1",
ZBRA,,,,,,,,,,,,,,,,,,,,375.8599853515625,7.0490732341941476,39.058038946746734,85.29875376523641,28.811807925115374,60.86244179649967,2026-09-28,8,False,False,False,False,,3,1,2,2,375.8599853515625,319.4809875488281,"Price:Trend Up (HH & HL) [No reversal (no lower low into the base - trend was not down)] | NewHigh:No | Vol:Volume contracting, price rising | MA:Above EMA | MACD:MACD +2",,ZBRA,2026-09-28,375.8599853515625,8,False,False,False,False,,3,1,2,2,375.8599853515625,319.4809875488281,"Price:Trend Up (HH & HL) [No reversal (no lower low into the base - trend was not down)] | NewHigh:No | Vol:Volume contracting, price rising | MA:Above EMA | MACD:MACD +2",
BE,,,,,,,,,,,,,,,,,,,,289.1499938964844,33.07713343195926,-1.9996590884878485,113.19028495672234,220.60093809658835,108.50985479473816,2026-09-28,7,False,False,False,False,,0,2,2,3,289.1499938964844,245.77749481201172,"Price:Sideways/Mixed [No reversal (breakout already occurred in an earlier week)] | NewHigh:No | Vol:Volume expanding, price rising | MA:Above EMA | MACD:MACD +3",,BE,2026-09-28,289.1499938964844,7,False,False,False,False,,0,2,2,3,289.1499938964844,245.77749481201172,"Price:Sideways/Mixed [No reversal (breakout already occurred in an earlier week)] | NewHigh:No | Vol:Volume expanding, price rising | MA:Above EMA | MACD:MACD +3",
IT,,,,,,,,,,,,,,,,,,,,184.8000030517578,-1.0441750726865817,36.77744224478909,17.073168138218996,-26.37450077619211,72.52818972258491,2026-09-28,7,False,False,False,False,,3,1,2,1,184.8000030517578,157.08000259399412,"Price:Trend Up (HH & HL) [No reversal (no lower high into the base - trend was not down)] | NewHigh:No | Vol:Volume contracting, price rising | MA:Above EMA | MACD:MACD mixed +1",,IT,2026-09-28,184.8000030517578,7,False,False,False,False,,3,1,2,1,184.8000030517578,157.08000259399412,"Price:Trend Up (HH & HL) [No reversal (no lower high into the base - trend was not down)] | NewHigh:No | Vol:Volume contracting, price rising | MA:Above EMA | MACD:MACD mixed +1",
LLY,,,,,,,,,,,,,,,,,,,,1142.8499755859375,-1.485240769726548,-4.630804766306829,22.53979223582252,39.33000886082845,29.586777266678826,2026-09-28,7,False,False,False,False,,3,1,2,1,1142.8499755859375,971.4224792480469,"Price:Trend Up (HH & HL) [No reversal (no lower low into the base - trend was not down)] | NewHigh:No | Vol:Volume contracting, price rising | MA:Above EMA | MACD:MACD +1",,LLY,2026-09-28,1142.8499755859375,7,False,False,False,False,,3,1,2,1,1142.8499755859375,971.4224792480469,"Price:Trend Up (HH & HL) [No reversal (no lower low into the base - trend was not down)] | NewHigh:No | Vol:Volume contracting, price rising | MA:Above EMA | MACD:MACD +1",
RVTY,,,,,,,,,,,,,,,,,,,,151.52999877929688,15.724756341824841,34.24083749816833,70.61352038964606,65.59390842290864,38.03606823063918,2026-09-28,7,False,False,False,False,,0,2,2,3,151.52999877929688,128.80049896240234,"Price:Sideways/Mixed [No reversal (breakout already occurred in an earlier week)] | NewHigh:No | Vol:Volume expanding, price rising | MA:Above EMA | MACD:MACD +3",,RVTY,2026-09-28,151.52999877929688,7,False,False,False,False,,0,2,2,3,151.52999877929688,128.80049896240234,"Price:Sideways/Mixed [No reversal (breakout already occurred in an earlier week)] | NewHigh:No | Vol:Volume expanding, price rising | MA:Above EMA | MACD:MACD +3",
WBD,,,,,,,,,,,,,,,,,,,,30.940000534057617,8.982040152276172,18.45329073490827,13.250369252087534,59.89664043462708,27.237682884481195,2026-09-28,7,False,False,False,False,,0,2,2,3,30.940000534057617,26.299000453948974,"Price:Sideways/Mixed [No reversal (second low not higher)] | NewHigh:No | Vol:Volume expanding, price rising | MA:Above EMA | MACD:MACD +3",,WBD,2026-09-28,30.940000534057617,7,False,False,False,False,,0,2,2,3,30.940000534057617,26.299000453948974,"Price:Sideways/Mixed [No reversal (second low not higher)] | NewHigh:No | Vol:Volume expanding, price rising | MA:Above EMA | MACD:MACD +3",
ADP,,,,,,,,,,,,,,,,,,,,257.67999267578125,-7.764583486264187,8.283893035443967,28.080301289106725,-9.070812303850618,27.855045082642267,2026-09-28,6,False,False,False,False,,3,-1,2,2,257.67999267578125,219.02799377441406,"Price:Trend Up (HH & HL) [No reversal (no lower high into the base - trend was not down)] | NewHigh:No | Vol:Volume expanding, price falling | MA:Above EMA | MACD:MACD +2",,ADP,2026-09-28,257.67999267578125,6,False,False,False,False,,3,-1,2,2,257.67999267578125,219.02799377441406,"Price:Trend Up (HH & HL) [No reversal (no lower high into the base - trend was not down)] | NewHigh:No | Vol:Volume expanding, price falling | MA:Above EMA | MACD:MACD +2",
AVY,,,,,,,,,,,,,,,,,,,,169.8699951171875,-2.6086475745462523,2.901238898528047,0.2811901651181614,6.9312435158657815,26.520868548793896,2026-09-28,6,False,False,False,False,,0,2,2,2,169.8699951171875,144.38949584960938,"Price:Sideways/Mixed [No reversal (no lower low into the base - trend was not down)] | NewHigh:No | Vol:Volume expanding, price rising | MA:Above EMA | MACD:MACD +2",,AVY,2026-09-28,169.8699951171875,6,False,False,False,False,,0,2,2,2,169.8699951171875,144.38949584960938,"Price:Sideways/Mixed [No reversal (no lower low into the base - trend was not down)] | NewHigh:No | Vol:Volume expanding, price rising | MA:Above EMA | MACD:MACD +2",
BRK-B,,,,,,,,,,,,,,,,,,,,502.6499938964844,-0.5126269471838807,-0.7757891705065689,5.300091645433502,0.893211878847544,14.002508507893571,2026-09-28,6,False,False,False,False,,3,-1,2,2,502.6499938964844,427.2524948120117,"Price:Trend Up (HH & HL) [No reversal (no rally high between the lows)] | NewHigh:No | Vol:Volume expanding, price falling | MA:Above EMA | MACD:MACD +2",,BRK-B,2026-09-28,502.6499938964844,6,False,False,False,False,,3,-1,2,2,502.6499938964844,427.2524948120117,"Price:Trend Up (HH & HL) [No reversal (no rally high between the lows)] | NewHigh:No | Vol:Volume expanding, price falling | MA:Above EMA | MACD:MACD +2",
CACI,,,,,,,,,,,,,,,,,,,,615.0399780273438,0.12534528328134176,21.73224406524785,6.846407034072932,19.388153212514926,54.24821435578261,2026-09-28,6,False,False,False,False,,3,-1,2,2,615.0399780273438,522.7839813232422,"Price:Trend Up (HH & HL) [No reversal (no rally high between the lows)] | NewHigh:No | Vol:Volume expanding, price falling | MA:Above EMA | MACD:MACD +2",,CACI,2026-09-28,615.0399780273438,6,False,False,False,False,,3,-1,2,2,615.0399780273438,522.7839813232422,"Price:Trend Up (HH & HL) [No reversal (no rally high between the lows)] | NewHigh:No | Vol:Volume expanding, price falling | MA:Above EMA | MACD:MACD +2",
CPAY,,,,,,,,,,,,,,,,,,,,394.6000061035156,-5.235347769574695,10.671720547818575,34.51967376756433,37.77451941554486,23.682333461548986,2026-09-28,6,False,False,False,False,,3,-1,2,2,394.6000061035156,335.41000518798825,"Price:Trend Up (HH & HL) [No reversal (no lower low into the base - trend was not down)] | NewHigh:No | Vol:Volume expanding, price falling | MA:Above EMA | MACD:MACD +2",,CPAY,2026-09-28,394.6000061035156,6,False,False,False,False,,3,-1,2,2,394.6000061035156,335.41000518798825,"Price:Trend Up (HH & HL) [No reversal (no lower low into the base - trend was not down)] | NewHigh:No | Vol:Volume expanding, price falling | MA:Above EMA | MACD:MACD +2",
CSCO,,,,,,,,,,,,,,,,,,,,112.19999694824219,2.9005713511640607,-1.180064849272544,43.07305898446509,67.22507368975958,33.839759741835145,2026-09-28,6,False,False,False,False,,0,2,2,2,112.19999694824219,95.36999740600585,"Price:Sideways/Mixed [No reversal (no lower low into the base - trend was not down)] | NewHigh:No | Vol:Volume expanding, price rising | MA:Above EMA | MACD:MACD +2",,CSCO,2026-09-28,112.19999694824219,6,False,False,False,False,,0,2,2,2,112.19999694824219,95.36999740600585,"Price:Sideways/Mixed [No reversal (no lower low into the base - trend was not down)] | NewHigh:No | Vol:Volume expanding, price rising | MA:Above EMA | MACD:MACD +2",
CTAS,,,,,,,,,,,,,,,,,,,,193.02000427246094,-2.5594387193493495,8.573495614748827,11.304121120196564,-4.262040015748248,26.733108260510015,2026-09-28,6,False,False,False,False,,3,-1,2,2,193.02000427246094,164.0670036315918,"Price:Trend Up (HH & HL) [No reversal (no lower low into the base - trend was not down)] | NewHigh:No | Vol:Volume expanding, price falling | MA:Above EMA | MACD:MACD +2",,CTAS,2026-09-28,193.02000427246094,6,False,False,False,False,,3,-1,2,2,193.02000427246094,164.0670036315918,"Price:Trend Up (HH & HL) [No reversal (no lower low into the base - trend was not down)] | NewHigh:No | Vol:Volume expanding, price falling | MA:Above EMA | MACD:MACD +2",
DELL,,,,,,,,,,,,,,,,,,,,562.52001953125,14.286876387691038,36.826023870511015,224.13428128216643,280.60412766922644,79.83044062434753,2026-09-28,6,False,False,False,False,,3,-1,2,2,562.52001953125,478.1420166015625,"Price:Trend Up (HH & HL) [No reversal (no rally high between the lows)] | NewHigh:No | Vol:Volume expanding, price falling | MA:Above EMA | MACD:MACD +2",,DELL,2026-09-28,562.52001953125,6,False,False,False,False,,3,-1,2,2,562.52001953125,478.1420166015625,"Price:Trend Up (HH & HL) [No reversal (no rally high between the lows)] | NewHigh:No | Vol:Volume expanding, price falling | MA:Above EMA | MACD:MACD +2",
EXPD,,,,,,,,,,,,,,,,,,,,192.47000122070312,3.3895559918696305,16.15570595382858,32.680797726935175,60.027367913848664,25.617237261893834,2026-09-28,6,False,False,False,False,,3,-1,2,2,192.47000122070312,163.59950103759766,"Price:Trend Up (HH & HL) [No reversal (no rally high between the lows)] | NewHigh:No | Vol:Volume expanding, price falling | MA:Above EMA | MACD:MACD +2",,EXPD,2026-09-28,192.47000122070312,6,False,False,False,False,,3,-1,2,2,192.47000122070312,163.59950103759766,"Price:Trend Up (HH & HL) [No reversal (no rally high between the lows)] | NewHigh:No | Vol:Volume expanding, price falling | MA:Above EMA | MACD:MACD +2",
GEV,,,,,,,,,,,,,,,,,,,,988.7000122070312,7.2412531822934945,-14.178328991793599,10.086606193608926,63.48182024979761,49.36778841521556,2026-09-28,6,False,False,False,False,,0,2,2,2,988.7000122070312,840.3950103759765,"Price:Sideways/Mixed [No reversal (no lower low into the base - trend was not down)] | NewHigh:No | Vol:Volume expanding, price rising | MA:Above EMA | MACD:MACD +2",,GEV,2026-09-28,988.7000122070312,6,False,False,False,False,,0,2,2,2,988.7000122070312,840.3950103759765,"Price:Sideways/Mixed [No reversal (no lower low into the base - trend was not down)] | NewHigh:No | Vol:Volume expanding, price rising | MA:Above EMA | MACD:MACD +2",
GOOG,,,,,,,,,,,,,,,,,,,,340.3500061035156,2.0345634808197177,-6.667311056686653,15.72911353918649,38.97470817569128,33.19888283640771,2026-09-28,6,False,False,False,False,,0,2,2,2,340.3500061035156,289.2975051879883,"Price:Sideways/Mixed [No reversal (close has not cleared the high point)] | NewHigh:No | Vol:Volume expanding, price rising | MA:Above EMA | MACD:MACD +2",,GOOG,2026-09-28,340.3500061035156,6,False,False,False,False,,0,2,2,2,340.3500061035156,289.2975051879883,"Price:Sideways/Mixed [No reversal (close has not cleared the high point)] | NewHigh:No | Vol:Volume expanding, price rising | MA:Above EMA | MACD:MACD +2",
GOOGL,,,,,,,,,,,,,,,,,,,,343.5,1.9579965020636525,-6.205093860253708,16.281614990749272,40.62610920173457,34.08618189626754,2026-09-28,6,False,False,False,False,,0,2,2,2,343.5,291.97499999999997,"Price:Sideways/Mixed [No reversal (close has not cleared the high point)] | NewHigh:No | Vol:Volume expanding, price rising | MA:Above EMA | MACD:MACD +2",,GOOGL,2026-09-28,343.5,6,False,False,False,False,,0,2,2,2,343.5,291.97499999999997,"Price:Sideways/Mixed [No reversal (close has not cleared the high point)] | NewHigh:No | Vol:Volume expanding, price rising | MA:Above EMA | MACD:MACD +2",
GRMN,,,,,,,,,,,,,,,,,,,,281.1600036621094,2.249226365082868,15.100220841782352,19.29264630230452,12.001646037004843,41.54766457714179,2026-09-28,6,False,False,False,False,,3,-1,2,2,281.1600036621094,238.98600311279296,"Price:Trend Up (HH & HL) [No reversal (no lower low into the base - trend was not down)] | NewHigh:No | Vol:Volume expanding, price falling | MA:Above EMA | MACD:MACD +2",,GRMN,2026-09-28,281.1600036621094,6,False,False,False,False,,3,-1,2,2,281.1600036621094,238.98600311279296,"Price:Trend Up (HH & HL) [No reversal (no lower low into the base - trend was not down)] | NewHigh:No | Vol:Volume expanding, price falling | MA:Above EMA | MACD:MACD +2",
HST,,,,,,,,,,,,,,,,,,,,22.559999465942383,2.9528600818961914,-2.095148494092358,23.487234172945893,42.835559384489954,23.60628546001773,2026-09-28,6,False,False,False,False,,0,2,2,2,22.559999465942383,19.175999546051024,"Price:Sideways/Mixed [No reversal (second low not higher)] | NewHigh:No | Vol:Volume expanding, price rising | MA:Above EMA | MACD:MACD +2",,HST,2026-09-28,22.559999465942383,6,False,False,False,False,,0,2,2,2,22.559999465942383,19.175999546051024,"Price:Sideways/Mixed [No reversal (second low not higher)] | NewHigh:No | Vol:Volume expanding, price rising | MA:Above EMA | MACD:MACD +2",
IFF,,,,,,,,,,,,,,,,,,,,82.41999816894531,-4.75028562692178,0.0484546647894879,14.935741358903098,38.21333523196764,31.238499207299608,2026-09-28,6,False,False,False,False,,3,-1,2,2,82.41999816894531,70.05699844360352,"Price:Trend Up (HH & HL) [No reversal (no lower low into the base - trend was not down)] | NewHigh:No | Vol:Volume expanding, price falling | MA:Above EMA | MACD:MACD +2",,IFF,2026-09-28,82.41999816894531,6,False,False,False,False,,3,-1,2,2,82.41999816894531,70.05699844360352,"Price:Trend Up (HH & HL) [No reversal (no lower low into the base - trend was not down)] | NewHigh:No | Vol:Volume expanding, price falling | MA:Above EMA | MACD:MACD +2",
INTC,,,,,,,,,,,,,,,,,,,,119.33000183105469,32.51526683732335,-2.348604900868445,136.85986363858356,232.02561600092554,73.03024554361241,2026-09-28,6,False,False,False,False,,0,2,2,2,119.33000183105469,101.43050155639648,"Price:Sideways/Mixed [No reversal (breakout already occurred in an earlier week)] | NewHigh:No | Vol:Volume expanding, price rising | MA:Above EMA | MACD:MACD +2",,INTC,2026-09-28,119.33000183105469,6,False,False,False,False,,0,2,2,2,119.33000183105469,101.43050155639648,"Price:Sideways/Mixed [No reversal (breakout already occurred in an earlier week)] | NewHigh:No | Vol:Volume expanding, price rising | MA:Above EMA | MACD:MACD +2",
LH,,,,,,,,,,,,,,,,,,,,308.489990234375,-6.9860740432662105,8.706838564118225,13.254734193762774,11.664281182868574,24.931169971892732,2026-09-28,6,False,False,False,False,,3,-1,2,2,308.489990234375,262.21649169921875,"Price:Trend Up (HH & HL) [No reversal (no rally high between the lows)] | NewHigh:No | Vol:Volume expanding, price falling | MA:Above EMA | MACD:MACD +2",,LH,2026-09-28,308.489990234375,6,False,False,False,False,,3,-1,2,2,308.489990234375,262.21649169921875,"Price:Trend Up (HH & HL) [No reversal (no rally high between the lows)] | NewHigh:No | Vol:Volume expanding, price falling | MA:Above EMA | MACD:MACD +2",
LRCX,,,,,,,,,,,,,,,,,,,,347.489990234375,20.65036570567824,-0.6684360425068925,59.35917931062231,144.48144148167552,69.3348237021717,2026-09-28,6,False,False,False,False,,0,2,2,2,347.489990234375,295.3664916992187,"Price:Sideways/Mixed [No reversal (no lower high into the base - trend was not down)] | NewHigh:No | Vol:Volume expanding, price rising | MA:Above EMA | MACD:MACD +2",,LRCX,2026-09-28,347.489990234375,6,False,False,False,False,,0,2,2,2,347.489990234375,295.3664916992187,"Price:Sideways/Mixed [No reversal (no lower high into the base - trend was not down)] | NewHigh:No | Vol:Volume expanding, price rising | MA:Above EMA | MACD:MACD +2",
MCK,,,,,,,,,,,,,,,,,,,,902.280029296875,-2.4330110174532127,15.175273712519232,2.256950352902698,18.397067287184576,32.82613455909837,2026-09-28,6,False,False,False,False,,0,1,2,3,902.280029296875,766.9380249023437,"Price:Sideways/Mixed [No reversal (second low not higher)] | NewHigh:No | Vol:Volume contracting, price rising | MA:Above EMA | MACD:MACD +3",,MCK,2026-09-28,902.280029296875,6,False,False,False,False,,0,1,2,3,902.280029296875,766.9380249023437,"Price:Sideways/Mixed [No reversal (second low not higher)] | NewHigh:No | Vol:Volume contracting, price rising | MA:Above EMA | MACD:MACD +3",
MPWR,,,,,,,,,,,,,,,,,,,,1439.72998046875,18.24700048043646,7.111247860366587,29.107693884009535,58.25291888756119,53.24122567688914,2026-09-28,6,False,False,False,False,,0,2,2,2,1439.72998046875,1223.7704833984374,"Price:Sideways/Mixed [No reversal (no lower low into the base - trend was not down)] | NewHigh:No | Vol:Volume expanding, price rising | MA:Above EMA | MACD:MACD +2",,MPWR,2026-09-28,1439.72998046875,6,False,False,False,False,,0,2,2,2,1439.72998046875,1223.7704833984374,"Price:Sideways/Mixed [No reversal (no lower low into the base - trend was not down)] | NewHigh:No | Vol:Volume expanding, price rising | MA:Above EMA | MACD:MACD +2",
MTCH,,,,,,,,,,,,,,,,,,,,40.31999969482422,-4.995285109530078,7.606091502855428,29.736114410709803,19.129918965272964,34.11637005092212,2026-09-28,6,False,False,False,False,,3,-1,2,2,40.31999969482422,34.271999740600585,"Price:Trend Up (HH & HL) [No reversal (no lower low into the base - trend was not down)] | NewHigh:No | Vol:Volume expanding, price falling | MA:Above EMA | MACD:MACD +2",,MTCH,2026-09-28,40.31999969482422,6,False,False,False,False,,3,-1,2,2,40.31999969482422,34.271999740600585,"Price:Trend Up (HH & HL) [No reversal (no lower low into the base - trend was not down)] | NewHigh:No | Vol:Volume expanding, price falling | MA:Above EMA | MACD:MACD +2",
NWSA,,,,,,,,,,,,,,,,,,,,28.690000534057617,-6.07982035446949,8.057567301145374,17.97760846173413,-0.14912089765681813,26.800373936857763,2026-09-28,6,False,False,False,False,,3,-1,2,2,28.690000534057617,24.386500453948972,"Price:Trend Up (HH & HL) [No reversal (no lower high into the base - trend was not down)] | NewHigh:No | Vol:Volume expanding, price falling | MA:Above EMA | MACD:MACD +2",,NWSA,2026-09-28,28.690000534057617,6,False,False,False,False,,3,-1,2,2,28.690000534057617,24.386500453948972,"Price:Trend Up (HH & HL) [No reversal (no lower high into the base - trend was not down)] | NewHigh:No | Vol:Volume expanding, price falling | MA:Above EMA | MACD:MACD +2",
PSX,,,,,,,,,,,,,,,,,,,,264.5799865722656,3.3152369697304174,49.99394038637757,52.04319691092878,102.40343894715514,31.00044261911109,2026-09-28,6,False,False,False,False,,0,2,2,2,264.5799865722656,224.8929885864258,"Price:Sideways/Mixed [No reversal (no lower low into the base - trend was not down)] | NewHigh:No | Vol:Volume expanding, price rising | MA:Above EMA | MACD:MACD +2",,PSX,2026-09-28,264.5799865722656,6,False,False,False,False,,0,2,2,2,264.5799865722656,224.8929885864258,"Price:Sideways/Mixed [No reversal (no lower low into the base - trend was not down)] | NewHigh:No | Vol:Volume expanding, price rising | MA:Above EMA | MACD:MACD +2",
SMCI,,,,,,,,,,,,,,,,,,,,43.689998626708984,18.081077369483744,60.68406682075573,88.15676106235544,-16.606224211291853,87.17459134236863,2026-09-28,6,False,False,False,False,,0,1,2,3,43.689998626708984,37.136498832702635,"Price:Sideways/Mixed [No reversal (no lower high into the base - trend was not down)] | NewHigh:No | Vol:Volume contracting, price rising | MA:Above EMA | MACD:MACD +3",,SMCI,2026-09-28,43.689998626708984,6,False,False,False,False,,0,1,2,3,43.689998626708984,37.136498832702635,"Price:Sideways/Mixed [No reversal (no lower high into the base - trend was not down)] | NewHigh:No | Vol:Volume contracting, price rising | MA:Above EMA | MACD:MACD +3",
SWKS,,,,,,,,,,,,,,,,,,,,85.02999877929688,18.64099477002703,37.34453075249233,55.40650358890438,14.994239996863335,60.37297311845703,2026-09-28,6,False,False,False,False,,3,-1,2,2,85.02999877929688,72.27549896240234,"Price:Trend Up (HH & HL) [No reversal (no lower high into the base - trend was not down)] | NewHigh:No | Vol:Volume expanding, price falling | MA:Above EMA | MACD:MACD +2",,SWKS,2026-09-28,85.02999877929688,6,False,False,False,False,,3,-1,2,2,85.02999877929688,72.27549896240234,"Price:Trend Up (HH & HL) [No reversal (no lower high into the base - trend was not down)] | NewHigh:No | Vol:Volume expanding, price falling | MA:Above EMA | MACD:MACD +2",
TECH,,,,,,,,,,,,,,,,,,,,72.4000015258789,0.1383104701247584,2.199918732135142,36.672941060234976,21.512229507420045,3.636770937775871,2026-09-28,6,False,False,False,False,,0,2,2,2,72.4000015258789,61.54000129699707,"Price:Sideways/Mixed [No reversal (no rally high between the lows)] | NewHigh:No | Vol:Volume expanding, price rising | MA:Above EMA | MACD:MACD +2",,TECH,2026-09-28,72.4000015258789,6,False,False,False,False,,0,2,2,2,72.4000015258789,61.54000129699707,"Price:Sideways/Mixed [No reversal (no rally high between the lows)] | NewHigh:No | Vol:Volume expanding, price rising | MA:Above EMA | MACD:MACD +2",
TMO,,,,,,,,,,,,,,,,,,,,654.7999877929688,7.684275410549546,26.603923145795495,33.47145059578076,23.810800424233957,28.844668197979107,2026-09-28,6,False,False,False,False,,0,2,2,2,654.7999877929688,556.5799896240234,"Price:Sideways/Mixed [No reversal (breakout already occurred in an earlier week)] | NewHigh:No | Vol:Volume expanding, price rising | MA:Above EMA | MACD:MACD +2",,TMO,2026-09-28,654.7999877929688,6,False,False,False,False,,0,2,2,2,654.7999877929688,556.5799896240234,"Price:Sideways/Mixed [No reversal (breakout already occurred in an earlier week)] | NewHigh:No | Vol:Volume expanding, price rising | MA:Above EMA | MACD:MACD +2",
TT,,,,,,,,,,,,,,,,,,,,463.9100036621094,5.919267563399555,-4.563101322532881,9.130101585722228,9.820206237761052,24.14206873826497,2026-09-28,6,False,False,False,False,,0,2,2,2,463.9100036621094,394.32350311279293,"Price:Sideways/Mixed [No reversal (no lower low into the base - trend was not down)] | NewHigh:No | Vol:Volume expanding, price rising | MA:Above EMA | MACD:MACD +2",,TT,2026-09-28,463.9100036621094,6,False,False,False,False,,0,2,2,2,463.9100036621094,394.32350311279293,"Price:Sideways/Mixed [No reversal (no lower low into the base - trend was not down)] | NewHigh:No | Vol:Volume expanding, price rising | MA:Above EMA | MACD:MACD +2",
URI,,,,,,,,,,,,,,,,,,,,1081.0400390625,10.330472023601779,-1.5254094239992355,48.22523980644762,13.183659462868768,38.185712662266134,2026-09-28,6,False,False,False,False,,0,2,2,2,1081.0400390625,918.884033203125,"Price:Sideways/Mixed [No reversal (second low not higher)] | NewHigh:No | Vol:Volume expanding, price rising | MA:Above EMA | MACD:MACD +2",,URI,2026-09-28,1081.0400390625,6,False,False,False,False,,0,2,2,2,1081.0400390625,918.884033203125,"Price:Sideways/Mixed [No reversal (second low not higher)] | NewHigh:No | Vol:Volume expanding, price rising | MA:Above EMA | MACD:MACD +2",
V,,,,,,,,,,,,,,,,,,,,360.6600036621094,-4.688158171384105,1.1420613743094554,20.372045867262155,4.517848794871826,18.62015962295251,2026-09-28,6,False,False,False,False,,3,-1,2,2,360.6600036621094,306.56100311279295,"Price:Trend Up (HH & HL) [No reversal (breakout already occurred in an earlier week)] | NewHigh:No | Vol:Volume expanding, price falling | MA:Above EMA | MACD:MACD +2",,V,2026-09-28,360.6600036621094,6,False,False,False,False,,3,-1,2,2,360.6600036621094,306.56100311279295,"Price:Trend Up (HH & HL) [No reversal (breakout already occurred in an earlier week)] | NewHigh:No | Vol:Volume expanding, price falling | MA:Above EMA | MACD:MACD +2",
WST,,,,,,,,,,,,,,,,,,,,364.9800109863281,6.523073223303921,2.1190030515310765,43.44336323179754,34.89005250482955,24.534727311716544,2026-09-28,6,False,False,False,False,,0,2,2,2,364.9800109863281,310.2330093383789,"Price:Sideways/Mixed [No reversal (no lower low into the base - trend was not down)] | NewHigh:No | Vol:Volume expanding, price rising | MA:Above EMA | MACD:MACD +2",,WST,2026-09-28,364.9800109863281,6,False,False,False,False,,0,2,2,2,364.9800109863281,310.2330093383789,"Price:Sideways/Mixed [No reversal (no lower low into the base - trend was not down)] | NewHigh:No | Vol:Volume expanding, price rising | MA:Above EMA | MACD:MACD +2",
WTRG,,,,,,,,,,,,,,,,,,,,39.380001068115234,-5.222619034394061,2.795255412562403,-2.3690232155650026,5.184867208477684,19.92392259059537,2026-09-28,6,False,False,False,False,,3,-1,2,2,39.380001068115234,33.47300090789795,"Price:Trend Up (HH & HL) [No reversal (no lower high into the base - trend was not down)] | NewHigh:No | Vol:Volume expanding, price falling | MA:Above EMA | MACD:MACD +2",,WTRG,2026-09-28,39.380001068115234,6,False,False,False,False,,3,-1,2,2,39.380001068115234,33.47300090789795,"Price:Trend Up (HH & HL) [No reversal (no lower high into the base - trend was not down)] | NewHigh:No | Vol:Volume expanding, price falling | MA:Above EMA | MACD:MACD +2",
ABNB,,,,,,,,,,,,,,,,,,,,162.42999267578125,-11.366366067569478,10.010158747218757,29.995995712640422,32.79103423890397,48.93915076653007,2026-09-28,5,False,False,False,False,,3,-1,2,1,162.42999267578125,138.06549377441405,"Price:Trend Up (HH & HL) [No reversal (no rally high between the lows)] | NewHigh:No | Vol:Volume expanding, price falling | MA:Above EMA | MACD:MACD +1",,ABNB,2026-09-28,162.42999267578125,5,False,False,False,False,,3,-1,2,1,162.42999267578125,138.06549377441405,"Price:Trend Up (HH & HL) [No reversal (no rally high between the lows)] | NewHigh:No | Vol:Volume expanding, price falling | MA:Above EMA | MACD:MACD +1",
ADM,,,,,,,,,,,,,,,,,,,,80.44999694824219,-5.774186535217318,3.8888790366915504,10.381113596302583,39.74778783580049,28.23900490116414,2026-09-28,5,False,False,False,False,,3,-1,2,1,80.44999694824219,68.38249740600585,"Price:Trend Up (HH & HL) [No reversal (no lower low into the base - trend was not down)] | NewHigh:No | Vol:Volume expanding, price falling | MA:Above EMA | MACD:MACD +1",,ADM,2026-09-28,80.44999694824219,5,False,False,False,False,,3,-1,2,1,80.44999694824219,68.38249740600585,"Price:Trend Up (HH & HL) [No reversal (no lower low into the base - trend was not down)] | NewHigh:No | Vol:Volume expanding, price falling | MA:Above EMA | MACD:MACD +1",
AIZ,,,,,,,,,,,,,,,,,,,,267.32000732421875,-5.896433825512126,-3.9866477465167582,23.277813196200704,24.70356618884624,21.643081198965543,2026-09-28,5,False,False,False,False,,3,-1,2,1,267.32000732421875,227.22200622558594,"Price:Trend Up (HH & HL) [No reversal (no lower low into the base - trend was not down)] | NewHigh:No | Vol:Volume expanding, price falling | MA:Above EMA | MACD:MACD +1",,AIZ,2026-09-28,267.32000732421875,5,False,False,False,False,,3,-1,2,1,267.32000732421875,227.22200622558594,"Price:Trend Up (HH & HL) [No reversal (no lower low into the base - trend was not down)] | NewHigh:No | Vol:Volume expanding, price falling | MA:Above EMA | MACD:MACD +1",
BAX,,,,,,,,,,,,,,,,,,,,23.489999771118164,-8.599225393830368,4.07024488548029,40.954892923484735,0.7503144682900809,38.549866594501616,2026-09-28,5,False,False,False,False,,3,-1,2,1,23.489999771118164,19.96649980545044,"Price:Trend Up (HH & HL) [No reversal (breakout already occurred in an earlier week)] | NewHigh:No | Vol:Volume expanding, price falling | MA:Above EMA | MACD:MACD +1",,BAX,2026-09-28,23.489999771118164,5,False,False,False,False,,3,-1,2,1,23.489999771118164,19.96649980545044,"Price:Trend Up (HH & HL) [No reversal (breakout already occurred in an earlier week)] | NewHigh:No | Vol:Volume expanding, price falling | MA:Above EMA | MACD:MACD +1",
BBY,,,,,,,,,,,,,,,,,,,,87.97000122070312,2.1759344140326764,13.965469969025811,39.652722614900156,19.786834693415134,35.87016250809912,2026-09-28,5,False,False,False,False,,3,-2,2,2,87.97000122070312,74.77450103759766,"Price:Trend Up (HH & HL) [No reversal (no lower high into the base - trend was not down)] | NewHigh:No | Vol:Volume contracting, price falling | MA:Above EMA | MACD:MACD +2",,BBY,2026-09-28,87.97000122070312,5,False,False,False,False,,3,-2,2,2,87.97000122070312,74.77450103759766,"Price:Trend Up (HH & HL) [No reversal (no lower high into the base - trend was not down)] | NewHigh:No | Vol:Volume contracting, price falling | MA:Above EMA | MACD:MACD +2",
BDX,,,,,,,,,,,,,,,,,,,,176.8000030517578,-5.160713983156462,14.338848129431003,15.91248494917834,20.725574690188363,26.839264011804907,2026-09-28,5,False,False,False,False,,3,-2,2,2,176.8000030517578,150.28000259399414,"Price:Trend Up (HH & HL) [No reversal (no lower high into the base - trend was not down)] | NewHigh:No | Vol:Volume contracting, price falling | MA:Above EMA | MACD:MACD +2",,BDX,2026-09-28,176.8000030517578,5,False,False,False,False,,3,-2,2,2,176.8000030517578,150.28000259399414,"Price:Trend Up (HH & HL) [No reversal (no lower high into the base - trend was not down)] | NewHigh:No | Vol:Volume contracting, price falling | MA:Above EMA | MACD:MACD +2",
BEN,,,,,,,,,,,,,,,,,,,,32.810001373291016,0.4083602956584498,-3.7607508969687453,43.066050995780024,52.76302858859096,23.378621166510875,2026-09-28,5,False,False,False,False,,3,-1,2,1,32.810001373291016,27.888501167297363,"Price:Trend Up (HH & HL) [No reversal (no lower low into the base - trend was not down)] | NewHigh:No | Vol:Volume expanding, price falling | MA:Above EMA | MACD:MACD +1",,BEN,2026-09-28,32.810001373291016,5,False,False,False,False,,3,-1,2,1,32.810001373291016,27.888501167297363,"Price:Trend Up (HH & HL) [No reversal (no lower low into the base - trend was not down)] | NewHigh:No | Vol:Volume expanding, price falling | MA:Above EMA | MACD:MACD +1",
CAT,,,,,,,,,,,,,,,,,,,,845.4199829101562,6.707218615675736,-12.674413355807534,18.318075218130183,77.41152053567122,33.93490095022828,2026-09-28,5,False,False,False,False,,0,1,2,2,845.4199829101562,718.6069854736328,"Price:Sideways/Mixed [No reversal (no rally high between the lows)] | NewHigh:No | Vol:Volume contracting, price rising | MA:Above EMA | MACD:MACD +2",,CAT,2026-09-28,845.4199829101562,5,False,False,False,False,,0,1,2,2,845.4199829101562,718.6069854736328,"Price:Sideways/Mixed [No reversal (no rally high between the lows)] | NewHigh:No | Vol:Volume contracting, price rising | MA:Above EMA | MACD:MACD +2",
CDNS,,,,,,,,,,,,,,,,,,,,351.3500061035156,14.569403828036776,-6.498651734869587,26.058411511451162,-0.17614998864596831,42.48714143693227,2026-09-28,5,False,False,False,False,,3,2,1,-1,351.3500061035156,298.64750518798826,"Price:Trend Up (HH & HL) [No reversal (no lower low into the base - trend was not down)] | NewHigh:No | Vol:Volume expanding, price rising | MA:Fresh cross above EMA | MACD:MACD -1",,CDNS,2026-09-28,351.3500061035156,5,False,False,False,False,,3,2,1,-1,351.3500061035156,298.64750518798826,"Price:Trend Up (HH & HL) [No reversal (no lower low into the base - trend was not down)] | NewHigh:No | Vol:Volume expanding, price rising | MA:Fresh cross above EMA | MACD:MACD -1",
EL,,,,,,,,,,,,,,,,,,,,91.97000122070312,-9.075630416898317,8.695403622358988,34.026635458583485,8.211491680787786,45.32521321494093,2026-09-28,5,False,False,False,False,,3,-2,2,2,91.97000122070312,78.17450103759765,"Price:Trend Up (HH & HL) [No reversal (close has not cleared the high point)] | NewHigh:No | Vol:Volume contracting, price falling | MA:Above EMA | MACD:MACD +2",,EL,2026-09-28,91.97000122070312,5,False,False,False,False,,3,-2,2,2,91.97000122070312,78.17450103759765,"Price:Trend Up (HH & HL) [No reversal (close has not cleared the high point)] | NewHigh:No | Vol:Volume contracting, price falling | MA:Above EMA | MACD:MACD +2",
EME,,,,,,,,,,,,,,,,,,,,786.6099853515625,7.1296236877516295,-0.03475718333867395,4.11322521604931,20.346087665070844,51.217275369297546,2026-09-28,5,False,False,False,False,,0,2,1,2,786.6099853515625,668.618487548828,"Price:Sideways/Mixed [No reversal (close has not cleared the high point)] | NewHigh:No | Vol:Volume expanding, price rising | MA:Fresh cross above EMA | MACD:MACD +2",,EME,2026-09-28,786.6099853515625,5,False,False,False,False,,0,2,1,2,786.6099853515625,668.618487548828,"Price:Sideways/Mixed [No reversal (close has not cleared the high point)] | NewHigh:No | Vol:Volume expanding, price rising | MA:Fresh cross above EMA | MACD:MACD +2",
EOG,,,,,,,,,,,,,,,,,,,,141.3800048828125,-5.08861539299933,10.077477936638335,0.6275292013781186,31.477242347753975,34.173713315504756,2026-09-28,5,False,False,False,False,,3,-1,2,1,141.3800048828125,120.17300415039062,"Price:Trend Up (HH & HL) [No reversal (no rally high between the lows)] | NewHigh:No | Vol:Volume expanding, price falling | MA:Above EMA | MACD:MACD +1",,EOG,2026-09-28,141.3800048828125,5,False,False,False,False,,3,-1,2,1,141.3800048828125,120.17300415039062,"Price:Trend Up (HH & HL) [No reversal (no rally high between the lows)] | NewHigh:No | Vol:Volume expanding, price falling | MA:Above EMA | MACD:MACD +1",
FIX,,,,,,,,,,,,,,,,,,,,1728.010009765625,10.760642020689982,-3.576354554308969,22.043095715042547,107.53760813879296,53.59787344065433,2026-09-28,5,False,False,False,False,,0,1,2,2,1728.010009765625,1468.808508300781,"Price:Sideways/Mixed [No reversal (close has not cleared the high point)] | NewHigh:No | Vol:Volume contracting, price rising | MA:Above EMA | MACD:MACD +2",,FIX,2026-09-28,1728.010009765625,5,False,False,False,False,,0,1,2,2,1728.010009765625,1468.808508300781,"Price:Sideways/Mixed [No reversal (close has not cleared the high point)] | NewHigh:No | Vol:Volume contracting, price rising | MA:Above EMA | MACD:MACD +2",
GDDY,,,,,,,,,,,,,,,,,,,,97.20999908447266,-4.574461113642925,13.549817067421532,19.027796331500802,-26.456344022567034,65.14812660562971,2026-09-28,5,False,False,False,False,,3,-1,2,1,97.20999908447266,82.62849922180176,"Price:Trend Up (HH & HL) [No reversal (no rally high between the lows)] | NewHigh:No | Vol:Volume expanding, price falling | MA:Above EMA | MACD:MACD mixed +1",,GDDY,2026-09-28,97.20999908447266,5,False,False,False,False,,3,-1,2,1,97.20999908447266,82.62849922180176,"Price:Trend Up (HH & HL) [No reversal (no rally high between the lows)] | NewHigh:No | Vol:Volume expanding, price falling | MA:Above EMA | MACD:MACD mixed +1",
GPC,,,,,,,,,,,,,,,,,,,,127.23999786376953,-6.503478313030797,-0.3338519347994007,25.280323119490067,-4.568993210263028,26.28201534828838,2026-09-28,5,False,False,False,False,,3,-2,2,2,127.23999786376953,108.1539981842041,"Price:Trend Up (HH & HL) [No reversal (no lower high into the base - trend was not down)] | NewHigh:No | Vol:Volume contracting, price falling | MA:Above EMA | MACD:MACD +2",,GPC,2026-09-28,127.23999786376953,5,False,False,False,False,,3,-2,2,2,127.23999786376953,108.1539981842041,"Price:Trend Up (HH & HL) [No reversal (no lower high into the base - trend was not down)] | NewHigh:No | Vol:Volume contracting, price falling | MA:Above EMA | MACD:MACD +2",
HPQ,,,,,,,,,,,,,,,,,,,,32.119998931884766,1.3821458509376106,43.505077645958835,68.25740626616117,26.43045875433325,50.850847861408965,2026-09-28,5,False,False,False,False,,3,-2,2,2,32.119998931884766,27.30199909210205,"Price:Trend Up (HH & HL) [No reversal (no lower high into the base - trend was not down)] | NewHigh:No | Vol:Volume contracting, price falling | MA:Above EMA | MACD:MACD +2",,HPQ,2026-09-28,32.119998931884766,5,False,False,False,False,,3,-2,2,2,32.119998931884766,27.30199909210205,"Price:Trend Up (HH & HL) [No reversal (no lower high into the base - trend was not down)] | NewHigh:No | Vol:Volume contracting, price falling | MA:Above EMA | MACD:MACD +2",
IBKR,,,,,,,,,,,,,,,,,,,,88.30000305175781,-0.9201073491390432,-7.92796721712371,30.601513686255966,28.923508137492625,38.46867755885874,2026-09-28,5,False,False,False,False,,3,-1,2,1,88.30000305175781,75.05500259399413,"Price:Trend Up (HH & HL) [No reversal (no lower low into the base - trend was not down)] | NewHigh:No | Vol:Volume expanding, price falling | MA:Above EMA | MACD:MACD +1",,IBKR,2026-09-28,88.30000305175781,5,False,False,False,False,,3,-1,2,1,88.30000305175781,75.05500259399413,"Price:Trend Up (HH & HL) [No reversal (no lower low into the base - trend was not down)] | NewHigh:No | Vol:Volume expanding, price falling | MA:Above EMA | MACD:MACD +1",
IRDM,,,,,,,,,,,,,,,,,,,,48.959999084472656,4.57642075106881,-6.599071286399106,49.9566238708332,183.30554815169216,29.579781878848433,2026-09-28,5,False,False,False,False,,0,1,2,2,48.959999084472656,41.61599922180176,"Price:Sideways/Mixed [No reversal (no lower low into the base - trend was not down)] | NewHigh:No | Vol:Volume contracting, price rising | MA:Above EMA | MACD:MACD +2",,IRDM,2026-09-28,48.959999084472656,5,False,False,False,False,,0,1,2,2,48.959999084472656,41.61599922180176,"Price:Sideways/Mixed [No reversal (no lower low into the base - trend was not down)] | NewHigh:No | Vol:Volume contracting, price rising | MA:Above EMA | MACD:MACD +2",
IVZ,,,,,,,,,,,,,,,,,,,,30.65999984741211,-3.341738615662926,10.90573867394582,28.85768344640576,37.00443434715002,32.33149698011287,2026-09-28,5,False,False,False,False,,3,-1,2,1,30.65999984741211,26.060999870300293,"Price:Trend Up (HH & HL) [No reversal (no lower high into the base - trend was not down)] | NewHigh:No | Vol:Volume expanding, price falling | MA:Above EMA | MACD:MACD +1",,IVZ,2026-09-28,30.65999984741211,5,False,False,False,False,,3,-1,2,1,30.65999984741211,26.060999870300293,"Price:Trend Up (HH & HL) [No reversal (no lower high into the base - trend was not down)] | NewHigh:No | Vol:Volume expanding, price falling | MA:Above EMA | MACD:MACD +1",
J,,,,,,,,,,,,,,,,,,,,138.05999755859375,-6.132719717274604,7.300957370404904,8.447926770471215,-8.498350110338171,25.64998479099164,2026-09-28,5,False,False,False,False,,3,-2,2,2,138.05999755859375,117.35099792480469,"Price:Trend Up (HH & HL) [No reversal (no rally high between the lows)] | NewHigh:No | Vol:Volume contracting, price falling | MA:Above EMA | MACD:MACD +2",,J,2026-09-28,138.05999755859375,5,False,False,False,False,,3,-2,2,2,138.05999755859375,117.35099792480469,"Price:Trend Up (HH & HL) [No reversal (no rally high between the lows)] | NewHigh:No | Vol:Volume contracting, price falling | MA:Above EMA | MACD:MACD +2",
JNJ,,,,,,,,,,,,,,,,,,,,256.0299987792969,-6.969221057118469,-0.7855823425204744,6.473187373771094,40.7147669065336,21.16271151169227,2026-09-28,5,False,False,False,False,,3,-1,2,1,256.0299987792969,217.62549896240233,"Price:Trend Up (HH & HL) [No reversal (no rally high between the lows)] | NewHigh:No | Vol:Volume expanding, price falling | MA:Above EMA | MACD:MACD +1",,JNJ,2026-09-28,256.0299987792969,5,False,False,False,False,,3,-1,2,1,256.0299987792969,217.62549896240233,"Price:Trend Up (HH & HL) [No reversal (no rally high between the lows)] | NewHigh:No | Vol:Volume expanding, price falling | MA:Above EMA | MACD:MACD +1",
KDP,,,,,,,,,,,,,,,,,,,,30.3700008392334,-6.136200077059373,-3.6528776866322166,21.723046405600055,22.412272481048824,28.1001861860385,2026-09-28,5,False,False,False,False,,3,-1,2,1,30.3700008392334,25.814500713348387,"Price:Trend Up (HH & HL) [No reversal (no lower high into the base - trend was not down)] | NewHigh:No | Vol:Volume expanding, price falling | MA:Above EMA | MACD:MACD +1",,KDP,2026-09-28,30.3700008392334,5,False,False,False,False,,3,-1,2,1,30.3700008392334,25.814500713348387,"Price:Trend Up (HH & HL) [No reversal (no lower high into the base - trend was not down)] | NewHigh:No | Vol:Volume expanding, price falling | MA:Above EMA | MACD:MACD +1",
KMI,,,,,,,,,,,,,,,,,,,,31.06999969482422,-2.8151380602448928,-1.0400448871709211,-4.002576962048854,14.201493893410632,21.01877481046123,2026-09-28,5,False,False,False,False,,3,2,-2,2,31.06999969482422,26.409499740600584,"Price:Trend Up (HH & HL) [No reversal (no lower low into the base - trend was not down)] | NewHigh:No | Vol:Volume expanding, price rising | MA:Below EMA | MACD:MACD +2",,KMI,2026-09-28,31.06999969482422,5,False,False,False,False,,3,2,-2,2,31.06999969482422,26.409499740600584,"Price:Trend Up (HH & HL) [No reversal (no lower low into the base - trend was not down)] | NewHigh:No | Vol:Volume expanding, price rising | MA:Below EMA | MACD:MACD +2",
KO,,,,,,,,,,,,,,,,,,,,85.6500015258789,-2.3559760873702373,3.8585901515861387,13.030978131348437,31.66653863182556,19.947183061936858,2026-09-28,5,False,False,False,False,,3,-1,2,1,85.6500015258789,72.80250129699706,"Price:Trend Up (HH & HL) [No reversal (no rally high between the lows)] | NewHigh:No | Vol:Volume expanding, price falling | MA:Above EMA | MACD:MACD +1",,KO,2026-09-28,85.6500015258789,5,False,False,False,False,,3,-1,2,1,85.6500015258789,72.80250129699706,"Price:Trend Up (HH & HL) [No reversal (no rally high between the lows)] | NewHigh:No | Vol:Volume expanding, price falling | MA:Above EMA | MACD:MACD +1",
META,,,,,,,,,,,,,,,,,,,,728.0800170898438,22.90708842756044,21.383774642211904,26.959213684634122,1.8414744841019903,47.92936791162556,2026-09-28,5,False,False,False,False,,0,2,2,1,728.0800170898438,618.8680145263671,"Price:Sideways/Mixed [No reversal (second low not higher)] | NewHigh:No | Vol:Volume expanding, price rising | MA:Above EMA | MACD:MACD mixed +1",,META,2026-09-28,728.0800170898438,5,False,False,False,False,,0,2,2,1,728.0800170898438,618.8680145263671,"Price:Sideways/Mixed [No reversal (second low not higher)] | NewHigh:No | Vol:Volume expanding, price rising | MA:Above EMA | MACD:MACD mixed +1",
MSFT,,,,,,,,,,,,,,,,,,,,517.530029296875,4.168516095838526,34.07051562809811,39.138679429888626,0.399848770514466,39.398758049416934,2026-09-28,5,False,False,False,False,,0,1,2,2,517.530029296875,439.90052490234376,"Price:Sideways/Mixed [No reversal (second low not higher)] | NewHigh:No | Vol:Volume contracting, price rising | MA:Above EMA | MACD:MACD +2",,MSFT,2026-09-28,517.530029296875,5,False,False,False,False,,0,1,2,2,517.530029296875,439.90052490234376,"Price:Sideways/Mixed [No reversal (second low not higher)] | NewHigh:No | Vol:Volume contracting, price rising | MA:Above EMA | MACD:MACD +2",
MSI,,,,,,,,,,,,,,,,,,,,447.4100036621094,-6.337815499168675,6.086837660570454,2.4948419560801405,-0.947244403257852,25.96662307691739,2026-09-28,5,False,False,False,False,,3,-2,2,2,447.4100036621094,380.29850311279296,"Price:Trend Up (HH & HL) [No reversal (no rally high between the lows)] | NewHigh:No | Vol:Volume contracting, price falling | MA:Above EMA | MACD:MACD +2",,MSI,2026-09-28,447.4100036621094,5,False,False,False,False,,3,-2,2,2,447.4100036621094,380.29850311279296,"Price:Trend Up (HH & HL) [No reversal (no rally high between the lows)] | NewHigh:No | Vol:Volume contracting, price falling | MA:Above EMA | MACD:MACD +2",
NTRS,,,,,,,,,,,,,,,,,,,,171.39999389648438,-6.398280301605519,-4.930751326588101,21.62263998134224,33.406436742075684,21.741531475727072,2026-09-28,5,False,False,False,False,,3,-1,2,1,171.39999389648438,145.68999481201172,"Price:Trend Up (HH & HL) [No reversal (no lower low into the base - trend was not down)] | NewHigh:No | Vol:Volume expanding, price falling | MA:Above EMA | MACD:MACD +1",,NTRS,2026-09-28,171.39999389648438,5,False,False,False,False,,3,-1,2,1,171.39999389648438,145.68999481201172,"Price:Trend Up (HH & HL) [No reversal (no lower low into the base - trend was not down)] | NewHigh:No | Vol:Volume expanding, price falling | MA:Above EMA | MACD:MACD +1",
NWS,,,,,,,,,,,,,,,,,,,,31.649999618530273,-7.744209896257437,5.74688830262815,12.932112778065385,-1.841424742301212,28.392348011493386,2026-09-28,5,False,False,False,False,,3,-1,2,1,31.649999618530273,26.902499675750732,"Price:Trend Up (HH & HL) [No reversal (no lower high into the base - trend was not down)] | NewHigh:No | Vol:Volume expanding, price falling | MA:Above EMA | MACD:MACD +1",,NWS,2026-09-28,31.649999618530273,5,False,False,False,False,,3,-1,2,1,31.649999618530273,26.902499675750732,"Price:Trend Up (HH & HL) [No reversal (no lower high into the base - trend was not down)] | NewHigh:No | Vol:Volume expanding, price falling | MA:Above EMA | MACD:MACD +1",
OUST,,,,,,,,,,,,,,,,,,,,44.38999938964844,27.447594188955748,-10.917122700196192,127.75782406846963,61.94819276454495,100.62380370303956,2026-09-28,5,False,False,False,False,,0,1,2,2,44.38999938964844,37.73149948120117,"Price:Sideways/Mixed [No reversal (no lower low into the base - trend was not down)] | NewHigh:No | Vol:Volume contracting, price rising | MA:Above EMA | MACD:MACD +2",,OUST,2026-09-28,44.38999938964844,5,False,False,False,False,,0,1,2,2,44.38999938964844,37.73149948120117,"Price:Sideways/Mixed [No reversal (no lower low into the base - trend was not down)] | NewHigh:No | Vol:Volume contracting, price rising | MA:Above EMA | MACD:MACD +2",
PFE,,,,,,,,,,,,,,,,,,,,27.799999237060547,-4.204001383386402,19.250975369192112,1.5298150017080347,9.33361298338371,18.5356405139054,2026-09-28,5,False,False,False,False,,0,1,2,2,27.799999237060547,23.629999351501464,"Price:Sideways/Mixed [No reversal (no rally high between the lows)] | NewHigh:No | Vol:Volume contracting, price rising | MA:Above EMA | MACD:MACD +2",,PFE,2026-09-28,27.799999237060547,5,False,False,False,False,,0,1,2,2,27.799999237060547,23.629999351501464,"Price:Sideways/Mixed [No reversal (no rally high between the lows)] | NewHigh:No | Vol:Volume contracting, price rising | MA:Above EMA | MACD:MACD +2",
PFG,,,,,,,,,,,,,,,,,,,,111.95999908447266,1.3487805262106578,0.23218633756139084,26.205544253535628,39.474025865405316,22.729043059849012,2026-09-28,5,False,False,False,False,,3,-1,2,1,111.95999908447266,95.16599922180175,"Price:Trend Up (HH & HL) [No reversal (no lower low into the base - trend was not down)] | NewHigh:No | Vol:Volume expanding, price falling | MA:Above EMA | MACD:MACD +1",,PFG,2026-09-28,111.95999908447266,5,False,False,False,False,,3,-1,2,1,111.95999908447266,95.16599922180175,"Price:Trend Up (HH & HL) [No reversal (no lower low into the base - trend was not down)] | NewHigh:No | Vol:Volume expanding, price falling | MA:Above EMA | MACD:MACD +1",
PWR,,,,,,,,,,,,,,,,,,,,676.5599975585938,10.788794386818923,0.391049071686389,20.71761950351254,60.962488027383245,50.24000290381382,2026-09-28,5,False,False,False,False,,0,1,2,2,676.5599975585938,575.0759979248047,"Price:Sideways/Mixed [No reversal (close has not cleared the high point)] | NewHigh:No | Vol:Volume contracting, price rising | MA:Above EMA | MACD:MACD +2",,PWR,2026-09-28,676.5599975585938,5,False,False,False,False,,0,1,2,2,676.5599975585938,575.0759979248047,"Price:Sideways/Mixed [No reversal (close has not cleared the high point)] | NewHigh:No | Vol:Volume contracting, price rising | MA:Above EMA | MACD:MACD +2",
PYPL,,,,,,,,,,,,,,,,,,,,52.79999923706055,-3.1819657109281585,17.38837136858111,17.125927099339954,-19.908760629828127,51.16150032365449,2026-09-28,5,False,False,False,False,,3,-2,2,2,52.79999923706055,44.87999935150146,"Price:Trend Up (HH & HL) [No reversal (no lower low into the base - trend was not down)] | NewHigh:No | Vol:Volume contracting, price falling | MA:Above EMA | MACD:MACD +2",,PYPL,2026-09-28,52.79999923706055,5,False,False,False,False,,3,-2,2,2,52.79999923706055,44.87999935150146,"Price:Trend Up (HH & HL) [No reversal (no lower low into the base - trend was not down)] | NewHigh:No | Vol:Volume contracting, price falling | MA:Above EMA | MACD:MACD +2",
ROK,,,,,,,,,,,,,,,,,,,,454.3500061035156,6.815408536370127,-5.616500422559955,25.24122671980451,31.806859451554793,26.938751052511932,2026-09-28,5,False,False,False,False,,0,1,2,2,454.3500061035156,386.19750518798827,"Price:Sideways/Mixed [No reversal (no lower low into the base - trend was not down)] | NewHigh:No | Vol:Volume contracting, price rising | MA:Above EMA | MACD:MACD +2",,ROK,2026-09-28,454.3500061035156,5,False,False,False,False,,0,1,2,2,454.3500061035156,386.19750518798827,"Price:Sideways/Mixed [No reversal (no lower low into the base - trend was not down)] | NewHigh:No | Vol:Volume contracting, price rising | MA:Above EMA | MACD:MACD +2",
STM,,,,,,,,,,,,,,,,,,,,57.2599983215332,13.113763831890669,-19.652632679932246,67.32129578219019,103.75498685330405,64.55745079955793,2026-09-28,5,False,False,False,False,,0,2,1,2,57.2599983215332,48.67099857330322,"Price:Sideways/Mixed [No reversal (no lower low into the base - trend was not down)] | NewHigh:No | Vol:Volume expanding, price rising | MA:Fresh cross above EMA | MACD:MACD +2",,STM,2026-09-28,57.2599983215332,5,False,False,False,False,,0,2,1,2,57.2599983215332,48.67099857330322,"Price:Sideways/Mixed [No reversal (no lower low into the base - trend was not down)] | NewHigh:No | Vol:Volume expanding, price rising | MA:Fresh cross above EMA | MACD:MACD +2",
STT,,,,,,,,,,,,,,,,,,,,175.9600067138672,-6.918472466292835,0.5297382108489845,38.02221911030201,58.87570479415017,22.55839488715431,2026-09-28,5,False,False,False,False,,3,-1,2,1,175.9600067138672,149.5660057067871,"Price:Trend Up (HH & HL) [No reversal (no lower low into the base - trend was not down)] | NewHigh:No | Vol:Volume expanding, price falling | MA:Above EMA | MACD:MACD +1",,STT,2026-09-28,175.9600067138672,5,False,False,False,False,,3,-1,2,1,175.9600067138672,149.5660057067871,"Price:Trend Up (HH & HL) [No reversal (no lower low into the base - trend was not down)] | NewHigh:No | Vol:Volume expanding, price falling | MA:Above EMA | MACD:MACD +1",
STX,,,,,,,,,,,,,,,,,,,,848.989990234375,5.087021441002415,-2.14100315895861,98.03345420004096,232.5005273810883,74.6056395635724,2026-09-28,5,False,False,False,False,,0,2,2,1,848.989990234375,721.6414916992187,"Price:Sideways/Mixed [No reversal (no lower low into the base - trend was not down)] | NewHigh:No | Vol:Volume expanding, price rising | MA:Above EMA | MACD:MACD +1",,STX,2026-09-28,848.989990234375,5,False,False,False,False,,0,2,2,1,848.989990234375,721.6414916992187,"Price:Sideways/Mixed [No reversal (no lower low into the base - trend was not down)] | NewHigh:No | Vol:Volume expanding, price rising | MA:Above EMA | MACD:MACD +1",
TRGP,,,,,,,,,,,,,,,,,,,,281.739990234375,-3.993730512493787,7.414449133714474,16.404176756249345,71.23713909214263,31.536164102103438,2026-09-28,5,False,False,False,False,,3,-1,2,1,281.739990234375,239.47899169921874,"Price:Trend Up (HH & HL) [No reversal (no lower low into the base - trend was not down)] | NewHigh:No | Vol:Volume expanding, price falling | MA:Above EMA | MACD:MACD +1",,TRGP,2026-09-28,281.739990234375,5,False,False,False,False,,3,-1,2,1,281.739990234375,239.47899169921874,"Price:Trend Up (HH & HL) [No reversal (no lower low into the base - trend was not down)] | NewHigh:No | Vol:Volume expanding, price falling | MA:Above EMA | MACD:MACD +1",
TXN,,,,,,,,,,,,,,,,,,,,293.79998779296875,15.306116277121395,-2.7004087553115785,52.309085984556525,67.0871888236412,33.53011793584402,2026-09-28,5,False,False,False,False,,0,1,2,2,293.79998779296875,249.72998962402343,"Price:Sideways/Mixed [No reversal (second low not higher)] | NewHigh:No | Vol:Volume contracting, price rising | MA:Above EMA | MACD:MACD +2",,TXN,2026-09-28,293.79998779296875,5,False,False,False,False,,0,1,2,2,293.79998779296875,249.72998962402343,"Price:Sideways/Mixed [No reversal (second low not higher)] | NewHigh:No | Vol:Volume contracting, price rising | MA:Above EMA | MACD:MACD +2",
VRTX,,,,,,,,,,,,,,,,,,,,504.7300109863281,-9.343509477085199,-4.694200156440109,15.048670150474596,24.86826690488211,27.045025464173456,2026-09-28,5,False,False,False,False,,3,-2,2,2,504.7300109863281,429.0205093383789,"Price:Trend Up (HH & HL) [No reversal (no lower low into the base - trend was not down)] | NewHigh:No | Vol:Volume contracting, price falling | MA:Above EMA | MACD:MACD +2",,VRTX,2026-09-28,504.7300109863281,5,False,False,False,False,,3,-2,2,2,504.7300109863281,429.0205093383789,"Price:Trend Up (HH & HL) [No reversal (no lower low into the base - trend was not down)] | NewHigh:No | Vol:Volume contracting, price falling | MA:Above EMA | MACD:MACD +2",
WAT,,,,,,,,,,,,,,,,,,,,425.2099914550781,3.1562297095499625,12.225177496329586,39.76137427808632,32.957066602389,27.52692277834803,2026-09-28,5,False,False,False,False,,0,1,2,2,425.2099914550781,361.4284927368164,"Price:Sideways/Mixed [No reversal (no rally high between the lows)] | NewHigh:No | Vol:Volume contracting, price rising | MA:Above EMA | MACD:MACD +2",,WAT,2026-09-28,425.2099914550781,5,False,False,False,False,,0,1,2,2,425.2099914550781,361.4284927368164,"Price:Sideways/Mixed [No reversal (no rally high between the lows)] | NewHigh:No | Vol:Volume contracting, price rising | MA:Above EMA | MACD:MACD +2",
WDAY,,,,,,,,,,,,,,,,,,,,186.13999938964844,-7.333099061881088,34.893827074214954,40.737945804184704,-19.83980276138011,64.22815631692289,2026-09-28,5,False,False,False,False,,0,1,2,2,186.13999938964844,158.21899948120117,"Price:Sideways/Mixed [No reversal (second low not higher)] | NewHigh:No | Vol:Volume contracting, price rising | MA:Above EMA | MACD:MACD +2",,WDAY,2026-09-28,186.13999938964844,5,False,False,False,False,,0,1,2,2,186.13999938964844,158.21899948120117,"Price:Sideways/Mixed [No reversal (second low not higher)] | NewHigh:No | Vol:Volume contracting, price rising | MA:Above EMA | MACD:MACD +2",
AMZN,,,,,,,,,,,,,,,,,,,,251.52000427246094,-1.3569658455776734,3.014416980652168,19.90275022627772,14.00081525903769,41.138681417042264,2026-09-28,4,False,False,False,False,,3,-2,2,1,251.52000427246094,213.7920036315918,"Price:Trend Up (HH & HL) [No reversal (no rally high between the lows)] | NewHigh:No | Vol:Volume contracting, price falling | MA:Above EMA | MACD:MACD +1",,AMZN,2026-09-28,251.52000427246094,4,False,False,False,False,,3,-2,2,1,251.52000427246094,213.7920036315918,"Price:Trend Up (HH & HL) [No reversal (no rally high between the lows)] | NewHigh:No | Vol:Volume contracting, price falling | MA:Above EMA | MACD:MACD +1",
CAH,,,,,,,,,,,,,,,,,,,,228.3000030517578,-6.786148656773028,-3.658355189938034,7.137962781226181,45.92401078610446,23.44089921628019,2026-09-28,4,False,False,False,False,,3,-1,1,1,228.3000030517578,194.05500259399415,"Price:Trend Up (HH & HL) [No reversal (no lower high into the base - trend was not down)] | NewHigh:No | Vol:Volume expanding, price falling | MA:Fresh cross above EMA | MACD:MACD +1",,CAH,2026-09-28,228.3000030517578,4,False,False,False,False,,3,-1,1,1,228.3000030517578,194.05500259399415,"Price:Trend Up (HH & HL) [No reversal (no lower high into the base - trend was not down)] | NewHigh:No | Vol:Volume expanding, price falling | MA:Fresh cross above EMA | MACD:MACD +1",
CHD,,,,,,,,,,,,,,,,,,,,94.30999755859375,-5.044303414845408,-2.927076807240503,2.2147578251791478,8.657195750578417,20.651715290706104,2026-09-28,4,False,False,False,False,,3,2,-2,1,94.30999755859375,80.16349792480469,"Price:Trend Up (HH & HL) [No reversal (no lower high into the base - trend was not down)] | NewHigh:No | Vol:Volume expanding, price rising | MA:Below EMA | MACD:MACD +1",,CHD,2026-09-28,94.30999755859375,4,False,False,False,False,,3,2,-2,1,94.30999755859375,80.16349792480469,"Price:Trend Up (HH & HL) [No reversal (no lower high into the base - trend was not down)] | NewHigh:No | Vol:Volume expanding, price rising | MA:Below EMA | MACD:MACD +1",
CNC,,,,,,,,,,,,,,,,,,,,62.9900016784668,-6.459748880289418,-4.632855763675215,79.40757785089674,76.24509994474347,35.17569961373305,2026-09-28,4,False,False,False,False,,3,-2,2,1,62.9900016784668,53.541501426696776,"Price:Trend Up (HH & HL) [No reversal (no lower high into the base - trend was not down)] | NewHigh:No | Vol:Volume contracting, price falling | MA:Above EMA | MACD:MACD +1",,CNC,2026-09-28,62.9900016784668,4,False,False,False,False,,3,-2,2,1,62.9900016784668,53.541501426696776,"Price:Trend Up (HH & HL) [No reversal (no lower high into the base - trend was not down)] | NewHigh:No | Vol:Volume contracting, price falling | MA:Above EMA | MACD:MACD +1",
ECL,,,,,,,,,,,,,,,,,,,,273.70001220703125,-1.9552857344786734,-3.2753671579361487,4.122536848231495,2.5865095212718403,20.19612669603195,2026-09-28,4,False,False,False,False,,3,-2,2,1,273.70001220703125,232.64501037597657,"Price:Trend Up (HH & HL) [No reversal (no lower high into the base - trend was not down)] | NewHigh:No | Vol:Volume contracting, price falling | MA:Above EMA | MACD:MACD +1",,ECL,2026-09-28,273.70001220703125,4,False,False,False,False,,3,-2,2,1,273.70001220703125,232.64501037597657,"Price:Trend Up (HH & HL) [No reversal (no lower high into the base - trend was not down)] | NewHigh:No | Vol:Volume contracting, price falling | MA:Above EMA | MACD:MACD +1",
ELV,,,,,,,,,,,,,,,,,,,,386.42999267578125,-4.368241696544972,-4.9141496557057796,29.57742587400416,18.473580213600794,31.785374918592506,2026-09-28,4,False,False,False,False,,3,-2,2,1,386.42999267578125,328.465493774414,"Price:Trend Up (HH & HL) [No reversal (no lower high into the base - trend was not down)] | NewHigh:No | Vol:Volume contracting, price falling | MA:Above EMA | MACD:MACD +1",,ELV,2026-09-28,386.42999267578125,4,False,False,False,False,,3,-2,2,1,386.42999267578125,328.465493774414,"Price:Trend Up (HH & HL) [No reversal (no lower high into the base - trend was not down)] | NewHigh:No | Vol:Volume contracting, price falling | MA:Above EMA | MACD:MACD +1",
MO,,,,,,,,,,,,,,,,,,,,67.3499984741211,-1.630736740478822,-4.805707193808839,5.609720732440593,8.470277939989735,29.200281598433115,2026-09-28,4,False,False,False,False,,3,-2,2,1,67.3499984741211,57.247498703002925,"Price:Trend Up (HH & HL) [No reversal (no lower low into the base - trend was not down)] | NewHigh:No | Vol:Volume contracting, price falling | MA:Above EMA | MACD:MACD +1",,MO,2026-09-28,67.3499984741211,4,False,False,False,False,,3,-2,2,1,67.3499984741211,57.247498703002925,"Price:Trend Up (HH & HL) [No reversal (no lower low into the base - trend was not down)] | NewHigh:No | Vol:Volume contracting, price falling | MA:Above EMA | MACD:MACD +1",
NUE,,,,,,,,,,,,,,,,,,,,240.38999938964844,-8.716449199323462,7.610391641823266,40.063183220582154,79.63163323957352,35.268527847509034,2026-09-28,4,False,False,False,False,,3,-2,2,1,240.38999938964844,204.33149948120118,"Price:Trend Up (HH & HL) [No reversal (no lower low into the base - trend was not down)] | NewHigh:No | Vol:Volume contracting, price falling | MA:Above EMA | MACD:MACD +1",,NUE,2026-09-28,240.38999938964844,4,False,False,False,False,,3,-2,2,1,240.38999938964844,204.33149948120118,"Price:Trend Up (HH & HL) [No reversal (no lower low into the base - trend was not down)] | NewHigh:No | Vol:Volume contracting, price falling | MA:Above EMA | MACD:MACD +1",
PH,,,,,,,,,,,,,,,,,,,,972.5499877929688,2.4405383293296,0.32415622107322406,7.560225558240585,29.849296100151346,25.787355931232398,2026-09-28,4,False,False,False,False,,0,1,2,1,972.5499877929688,826.6674896240235,"Price:Sideways/Mixed [No reversal (second low not higher)] | NewHigh:No | Vol:Volume contracting, price rising | MA:Above EMA | MACD:MACD +1",,PH,2026-09-28,972.5499877929688,4,False,False,False,False,,0,1,2,1,972.5499877929688,826.6674896240235,"Price:Sideways/Mixed [No reversal (second low not higher)] | NewHigh:No | Vol:Volume contracting, price rising | MA:Above EMA | MACD:MACD +1",
PRU,,,,,,,,,,,,,,,,,,,,112.5999984741211,-6.041386920069868,-0.33259818808237807,18.315515641503044,15.12252848069644,19.885877082725262,2026-09-28,4,False,False,False,False,,3,-2,2,1,112.5999984741211,95.70999870300292,"Price:Trend Up (HH & HL) [No reversal (breakout already occurred in an earlier week)] | NewHigh:No | Vol:Volume contracting, price falling | MA:Above EMA | MACD:MACD +1",,PRU,2026-09-28,112.5999984741211,4,False,False,False,False,,3,-2,2,1,112.5999984741211,95.70999870300292,"Price:Trend Up (HH & HL) [No reversal (breakout already occurred in an earlier week)] | NewHigh:No | Vol:Volume contracting, price falling | MA:Above EMA | MACD:MACD +1",
PTC,,,,,,,,,,,,,,,,,,,,144.02999877929688,-3.419839024026883,15.242434718102782,0.9674061982883231,-28.84596379697353,43.114588927461014,2026-09-28,4,False,False,False,False,,3,2,1,-2,144.02999877929688,122.42549896240234,"Price:Trend Up (HH & HL) [No reversal (no lower low into the base - trend was not down)] | NewHigh:No | Vol:Volume expanding, price rising | MA:Fresh cross above EMA | MACD:MACD -2",,PTC,2026-09-28,144.02999877929688,4,False,False,False,False,,3,2,1,-2,144.02999877929688,122.42549896240234,"Price:Trend Up (HH & HL) [No reversal (no lower low into the base - trend was not down)] | NewHigh:No | Vol:Volume expanding, price rising | MA:Fresh cross above EMA | MACD:MACD -2",
RMD,,,,,,,,,,,,,,,,,,,,218.88999938964844,-5.189065699706075,0.5119777355898192,-1.7488827967166332,-18.329025993996783,33.030152013755284,2026-09-28,4,False,False,False,False,,3,1,-1,1,218.88999938964844,186.05649948120117,"Price:Trend Up (HH & HL) [No reversal (no lower low into the base - trend was not down)] | NewHigh:No | Vol:Volume contracting, price rising | MA:Fresh cross below EMA | MACD:MACD mixed +1",,RMD,2026-09-28,218.88999938964844,4,False,False,False,False,,3,1,-1,1,218.88999938964844,186.05649948120117,"Price:Trend Up (HH & HL) [No reversal (no lower low into the base - trend was not down)] | NewHigh:No | Vol:Volume contracting, price rising | MA:Fresh cross below EMA | MACD:MACD mixed +1",
SNDK,,,,,,,,,,,,,,,,,,,,1719.989990234375,10.724215475865574,-1.4010343048476481,145.15599201764337,1320.0709636979534,114.99880016406246,2026-09-28,4,False,False,False,False,,0,1,2,1,1719.989990234375,1461.9914916992186,"Price:Sideways/Mixed [No reversal (no lower low into the base - trend was not down)] | NewHigh:No | Vol:Volume contracting, price rising | MA:Above EMA | MACD:MACD +1",,SNDK,2026-09-28,1719.989990234375,4,False,False,False,False,,0,1,2,1,1719.989990234375,1461.9914916992186,"Price:Sideways/Mixed [No reversal (no lower low into the base - trend was not down)] | NewHigh:No | Vol:Volume contracting, price rising | MA:Above EMA | MACD:MACD +1",
TEL,,,,,,,,,,,,,,,,,,,,220.36000061035156,8.975813903298624,10.527329266751728,6.22065676765422,0.48088704473672195,31.62498523983218,2026-09-28,4,False,False,False,False,,0,1,2,1,220.36000061035156,187.3060005187988,"Price:Sideways/Mixed [No reversal (close has not cleared the high point)] | NewHigh:No | Vol:Volume contracting, price rising | MA:Above EMA | MACD:MACD mixed +1",,TEL,2026-09-28,220.36000061035156,4,False,False,False,False,,0,1,2,1,220.36000061035156,187.3060005187988,"Price:Sideways/Mixed [No reversal (close has not cleared the high point)] | NewHigh:No | Vol:Volume contracting, price rising | MA:Above EMA | MACD:MACD mixed +1",
TRV,,,,,,,,,,,,,,,,,,,,360.3800048828125,-1.2474305075697245,6.616778863663897,23.51573686781365,31.975136809462292,27.371103102214683,2026-09-28,4,False,False,False,False,,3,-2,2,1,360.3800048828125,306.3230041503906,"Price:Trend Up (HH & HL) [No reversal (no lower low into the base - trend was not down)] | NewHigh:No | Vol:Volume contracting, price falling | MA:Above EMA | MACD:MACD +1",,TRV,2026-09-28,360.3800048828125,4,False,False,False,False,,3,-2,2,1,360.3800048828125,306.3230041503906,"Price:Trend Up (HH & HL) [No reversal (no lower low into the base - trend was not down)] | NewHigh:No | Vol:Volume contracting, price falling | MA:Above EMA | MACD:MACD +1",
VPG,,,,,,,,,,,,,,,,,,,,79.06999969482422,28.883458290839002,-35.71544740258194,76.61380139904041,141.58264833700525,96.84859941208498,2026-09-28,4,False,False,False,False,,3,1,1,-1,79.06999969482422,67.20949974060058,"Price:Trend Up (HH & HL) [No reversal (no lower low into the base - trend was not down)] | NewHigh:No | Vol:Volume contracting, price rising | MA:Fresh cross above EMA | MACD:MACD mixed -1",,VPG,2026-09-28,79.06999969482422,4,False,False,False,False,,3,1,1,-1,79.06999969482422,67.20949974060058,"Price:Trend Up (HH & HL) [No reversal (no lower low into the base - trend was not down)] | NewHigh:No | Vol:Volume contracting, price rising | MA:Fresh cross above EMA | MACD:MACD mixed -1",
VSH,,,,,,,,,,,,,,,,,,,,38.18000030517578,25.125320246878722,-17.043828033082487,106.48252255211132,152.02031692090094,81.02124698986583,2026-09-28,4,False,False,False,False,,0,1,1,2,38.18000030517578,32.45300025939941,"Price:Sideways/Mixed [No reversal (no rally high between the lows)] | NewHigh:No | Vol:Volume contracting, price rising | MA:Fresh cross above EMA | MACD:MACD +2",,VSH,2026-09-28,38.18000030517578,4,False,False,False,False,,0,1,1,2,38.18000030517578,32.45300025939941,"Price:Sideways/Mixed [No reversal (no rally high between the lows)] | NewHigh:No | Vol:Volume contracting, price rising | MA:Fresh cross above EMA | MACD:MACD +2",
COP,,,,,,,,,,,,,,,,,,,,126.75,-7.616616020905875,23.185366683757856,-1.5142150546991862,36.9641716497424,31.142114467065035,2026-09-28,3,False,False,False,False,,0,-1,2,2,126.75,107.7375,"Price:Sideways/Mixed [No reversal (no rally high between the lows)] | NewHigh:No | Vol:Volume expanding, price falling | MA:Above EMA | MACD:MACD +2",,COP,2026-09-28,126.75,3,False,False,False,False,,0,-1,2,2,126.75,107.7375,"Price:Sideways/Mixed [No reversal (no rally high between the lows)] | NewHigh:No | Vol:Volume expanding, price falling | MA:Above EMA | MACD:MACD +2",
DAL,,,,,,,,,,,,,,,,,,,,84.08999633789062,7.614534162679321,-8.052325991235731,26.604666795394326,51.50586340938654,30.90021391317257,2026-09-28,3,False,False,False,False,,-3,2,2,2,84.08999633789062,71.47649688720703,"Price:Trend Down (LL & LH) [No reversal (second low not higher)] | NewHigh:No | Vol:Volume expanding, price rising | MA:Above EMA | MACD:MACD +2",,DAL,2026-09-28,84.08999633789062,3,False,False,False,False,,-3,2,2,2,84.08999633789062,71.47649688720703,"Price:Trend Down (LL & LH) [No reversal (second low not higher)] | NewHigh:No | Vol:Volume expanding, price rising | MA:Above EMA | MACD:MACD +2",
DGX,,,,,,,,,,,,,,,,,,,,233.3300018310547,-3.1021599360601004,9.758108195986592,18.826666786854386,30.4031462846162,26.92167562797505,2026-09-28,3,False,False,False,False,,0,-1,2,2,233.3300018310547,198.33050155639648,"Price:Sideways/Mixed [No reversal (no lower high into the base - trend was not down)] | NewHigh:No | Vol:Volume expanding, price falling | MA:Above EMA | MACD:MACD +2",,DGX,2026-09-28,233.3300018310547,3,False,False,False,False,,0,-1,2,2,233.3300018310547,198.33050155639648,"Price:Sideways/Mixed [No reversal (no lower high into the base - trend was not down)] | NewHigh:No | Vol:Volume expanding, price falling | MA:Above EMA | MACD:MACD +2",
DIS,,,,,,,,,,,,,,,,,,,,102.19000244140625,-5.362104774518473,4.907092289902248,6.586305337771026,-8.216260523944296,25.841036668859246,2026-09-28,3,False,False,False,False,,3,-1,-1,2,102.19000244140625,86.8615020751953,"Price:Trend Up (HH & HL) [No reversal (close has not cleared the high point)] | NewHigh:No | Vol:Volume expanding, price falling | MA:Fresh cross below EMA | MACD:MACD +2",,DIS,2026-09-28,102.19000244140625,3,False,False,False,False,,3,-1,-1,2,102.19000244140625,86.8615020751953,"Price:Trend Up (HH & HL) [No reversal (close has not cleared the high point)] | NewHigh:No | Vol:Volume expanding, price falling | MA:Fresh cross below EMA | MACD:MACD +2",
DVN,,,,,,,,,,,,,,,,,,,,47.650001525878906,-2.185186388796112,18.82705679157599,-2.4051036523113467,38.3481132745237,35.23827519275498,2026-09-28,3,False,False,False,False,,0,-1,2,2,47.650001525878906,40.50250129699707,"Price:Sideways/Mixed [No reversal (breakout already occurred in an earlier week)] | NewHigh:No | Vol:Volume expanding, price falling | MA:Above EMA | MACD:MACD +2",,DVN,2026-09-28,47.650001525878906,3,False,False,False,False,,0,-1,2,2,47.650001525878906,40.50250129699707,"Price:Sideways/Mixed [No reversal (breakout already occurred in an earlier week)] | NewHigh:No | Vol:Volume expanding, price falling | MA:Above EMA | MACD:MACD +2",
IQV,,,,,,,,,,,,,,,,,,,,258.2099914550781,-2.1338708918121507,25.362912038048812,49.03035879115794,26.703959940043042,39.25131967590193,2026-09-28,3,False,False,False,False,,0,-1,2,2,258.2099914550781,219.4784927368164,"Price:Sideways/Mixed [No reversal (no rally high between the lows)] | NewHigh:No | Vol:Volume expanding, price falling | MA:Above EMA | MACD:MACD +2",,IQV,2026-09-28,258.2099914550781,3,False,False,False,False,,0,-1,2,2,258.2099914550781,219.4784927368164,"Price:Sideways/Mixed [No reversal (no rally high between the lows)] | NewHigh:No | Vol:Volume expanding, price falling | MA:Above EMA | MACD:MACD +2",
MA,,,,,,,,,,,,,,,,,,,,552.260009765625,-6.100588973572885,3.7677358595078925,12.3006722604595,-3.1490950427244258,19.7961950794652,2026-09-28,3,False,False,False,False,,0,-1,2,2,552.260009765625,469.42100830078124,"Price:Sideways/Mixed [No reversal (second low not higher)] | NewHigh:No | Vol:Volume expanding, price falling | MA:Above EMA | MACD:MACD +2",,MA,2026-09-28,552.260009765625,3,False,False,False,False,,0,-1,2,2,552.260009765625,469.42100830078124,"Price:Sideways/Mixed [No reversal (second low not higher)] | NewHigh:No | Vol:Volume expanding, price falling | MA:Above EMA | MACD:MACD +2",
MAR,,,,,,,,,,,,,,,,,,,,358.9599914550781,7.750487984425547,-5.282567529568194,8.57694466290786,38.32798891814431,26.215478112818392,2026-09-28,3,False,False,False,False,,-3,2,2,2,358.9599914550781,305.1159927368164,"Price:Trend Down (LL & LH) [No reversal (no rally high between the lows)] | NewHigh:No | Vol:Volume expanding, price rising | MA:Above EMA | MACD:MACD +2",,MAR,2026-09-28,358.9599914550781,3,False,False,False,False,,-3,2,2,2,358.9599914550781,305.1159927368164,"Price:Trend Down (LL & LH) [No reversal (no rally high between the lows)] | NewHigh:No | Vol:Volume expanding, price rising | MA:Above EMA | MACD:MACD +2",
ADI,,,,,,,,,,,,,,,,,,,,417.1499938964844,17.272498360273183,7.6102540606243885,31.798404284450356,76.51592729943695,31.87758242868874,2026-09-28,2,False,False,False,False,,-3,1,2,2,417.1499938964844,354.5774948120117,"Price:Trend Down (LL & LH) [No reversal (second low not higher)] | NewHigh:No | Vol:Volume contracting, price rising | MA:Above EMA | MACD:MACD +2",,ADI,2026-09-28,417.1499938964844,2,False,False,False,False,,-3,1,2,2,417.1499938964844,354.5774948120117,"Price:Trend Down (LL & LH) [No reversal (second low not higher)] | NewHigh:No | Vol:Volume contracting, price rising | MA:Above EMA | MACD:MACD +2",
ALGM,,,,,,,,,,,,,,,,,,,,39.529998779296875,11.446285364726783,-30.109621959868115,21.257670642767156,39.09218393095693,62.52990367472481,2026-09-28,2,False,False,False,False,,3,2,-2,-1,39.529998779296875,33.60049896240234,"Price:Trend Up (HH & HL) [No reversal (no rally high between the lows)] | NewHigh:No | Vol:Volume expanding, price rising | MA:Below EMA | MACD:MACD mixed -1",,ALGM,2026-09-28,39.529998779296875,2,False,False,False,False,,3,2,-2,-1,39.529998779296875,33.60049896240234,"Price:Trend Up (HH & HL) [No reversal (no rally high between the lows)] | NewHigh:No | Vol:Volume expanding, price rising | MA:Below EMA | MACD:MACD mixed -1",
BMY,,,,,,,,,,,,,,,,,,,,61.150001525878906,-8.685620512708336,8.965281905866984,4.833464347048144,36.51448879238788,25.07692152072338,2026-09-28,2,False,False,False,False,,0,-1,2,1,61.150001525878906,51.97750129699707,"Price:Sideways/Mixed [No reversal (second low not higher)] | NewHigh:No | Vol:Volume expanding, price falling | MA:Above EMA | MACD:MACD +1",,BMY,2026-09-28,61.150001525878906,2,False,False,False,False,,0,-1,2,1,61.150001525878906,51.97750129699707,"Price:Sideways/Mixed [No reversal (second low not higher)] | NewHigh:No | Vol:Volume expanding, price falling | MA:Above EMA | MACD:MACD +1",
CRM,,,,,,,,,,,,,,,,,,,,234.69000244140625,-8.495345713668346,41.927492114264744,26.241692651284644,0.4202981535321504,60.88785810661591,2026-09-28,2,False,False,False,False,,0,-2,2,2,234.69000244140625,199.48650207519532,"Price:Sideways/Mixed [No reversal (second low not higher)] | NewHigh:No | Vol:Volume contracting, price falling | MA:Above EMA | MACD:MACD +2",,CRM,2026-09-28,234.69000244140625,2,False,False,False,False,,0,-2,2,2,234.69000244140625,199.48650207519532,"Price:Sideways/Mixed [No reversal (second low not higher)] | NewHigh:No | Vol:Volume contracting, price falling | MA:Above EMA | MACD:MACD +2",
CSX,,,,,,,,,,,,,,,,,,,,47.43000030517578,-2.507710549719422,-2.5612688588589783,15.734205132911772,37.256183377543614,21.4248232437125,2026-09-28,2,False,False,False,False,,0,-1,2,1,47.43000030517578,40.315500259399414,"Price:Sideways/Mixed [No reversal (no lower low into the base - trend was not down)] | NewHigh:No | Vol:Volume expanding, price falling | MA:Above EMA | MACD:MACD +1",,CSX,2026-09-28,47.43000030517578,2,False,False,False,False,,0,-1,2,1,47.43000030517578,40.315500259399414,"Price:Sideways/Mixed [No reversal (no lower low into the base - trend was not down)] | NewHigh:No | Vol:Volume expanding, price falling | MA:Above EMA | MACD:MACD +1",
CTSH,,,,,,,,,,,,,,,,,,,,58.5099983215332,-7.7129386224851775,42.26027711085418,-5.231750569809579,-10.070244443110244,48.447249334575865,2026-09-28,2,False,False,False,False,,0,-1,2,1,58.5099983215332,49.73349857330322,"Price:Sideways/Mixed [No reversal (second low not higher)] | NewHigh:No | Vol:Volume expanding, price falling | MA:Above EMA | MACD:MACD mixed +1",,CTSH,2026-09-28,58.5099983215332,2,False,False,False,False,,0,-1,2,1,58.5099983215332,49.73349857330322,"Price:Sideways/Mixed [No reversal (second low not higher)] | NewHigh:No | Vol:Volume expanding, price falling | MA:Above EMA | MACD:MACD mixed +1",
DG,,,,,,,,,,,,,,,,,,,,118.94000244140625,-9.12980136295063,2.8181207880621173,0.3119380872485866,21.745017984478032,33.715668240694065,2026-09-28,2,False,False,False,False,,3,-2,-1,2,118.94000244140625,101.09900207519532,"Price:Trend Up (HH & HL) [No reversal (no rally high between the lows)] | NewHigh:No | Vol:Volume contracting, price falling | MA:Fresh cross below EMA | MACD:MACD +2",,DG,2026-09-28,118.94000244140625,2,False,False,False,False,,3,-2,-1,2,118.94000244140625,101.09900207519532,"Price:Trend Up (HH & HL) [No reversal (no rally high between the lows)] | NewHigh:No | Vol:Volume contracting, price falling | MA:Fresh cross below EMA | MACD:MACD +2",
EG,,,,,,,,,,,,,,,,,,,,368.2699890136719,-2.1168523591700072,-0.7126328308548091,13.879336402019614,6.020270193099253,21.291170001401046,2026-09-28,2,False,False,False,False,,0,-1,2,1,368.2699890136719,313.0294906616211,"Price:Sideways/Mixed [No reversal (no lower low into the base - trend was not down)] | NewHigh:No | Vol:Volume expanding, price falling | MA:Above EMA | MACD:MACD +1",,EG,2026-09-28,368.2699890136719,2,False,False,False,False,,0,-1,2,1,368.2699890136719,313.0294906616211,"Price:Sideways/Mixed [No reversal (no lower low into the base - trend was not down)] | NewHigh:No | Vol:Volume expanding, price falling | MA:Above EMA | MACD:MACD +1",
ENS,,,,,,,,,,,,,,,,,,,,196.3000030517578,9.186101343226527,-7.823198928504405,10.995050020913943,71.6950625940031,39.57550480523677,2026-09-28,2,False,False,False,False,,0,2,1,-1,196.3000030517578,166.85500259399413,"Price:Sideways/Mixed [No reversal (no lower low into the base - trend was not down)] | NewHigh:No | Vol:Volume expanding, price rising | MA:Fresh cross above EMA | MACD:MACD mixed -1",,ENS,2026-09-28,196.3000030517578,2,False,False,False,False,,0,2,1,-1,196.3000030517578,166.85500259399413,"Price:Sideways/Mixed [No reversal (no lower low into the base - trend was not down)] | NewHigh:No | Vol:Volume expanding, price rising | MA:Fresh cross above EMA | MACD:MACD mixed -1",
EVRG,,,,,,,,,,,,,,,,,,,,79.16999816894531,-1.9809317080842548,-7.463706352786071,-2.824857804740044,7.478125233040833,14.471381247514076,2026-09-28,2,False,False,False,False,,3,-1,-2,2,79.16999816894531,67.29449844360352,"Price:Trend Up (HH & HL) [No reversal (no lower low into the base - trend was not down)] | NewHigh:No | Vol:Volume expanding, price falling | MA:Below EMA | MACD:MACD +2",,EVRG,2026-09-28,79.16999816894531,2,False,False,False,False,,3,-1,-2,2,79.16999816894531,67.29449844360352,"Price:Trend Up (HH & HL) [No reversal (no lower low into the base - trend was not down)] | NewHigh:No | Vol:Volume expanding, price falling | MA:Below EMA | MACD:MACD +2",
FOX,,,,,,,,,,,,,,,,,,,,55.88999938964844,-7.26729887978792,12.556962301494767,6.2340222739208695,0.9254327581593946,31.833002376685794,2026-09-28,2,False,False,False,False,,0,-2,2,2,55.88999938964844,47.50649948120117,"Price:Sideways/Mixed [No reversal (second low not higher)] | NewHigh:No | Vol:Volume contracting, price falling | MA:Above EMA | MACD:MACD +2",,FOX,2026-09-28,55.88999938964844,2,False,False,False,False,,0,-2,2,2,55.88999938964844,47.50649948120117,"Price:Sideways/Mixed [No reversal (second low not higher)] | NewHigh:No | Vol:Volume contracting, price falling | MA:Above EMA | MACD:MACD +2",
GILD,,,,,,,,,,,,,,,,,,,,144.74000549316406,-2.7102356766363522,12.302457761442898,4.868524101114091,33.43863701760947,27.19492261757141,2026-09-28,2,False,False,False,False,,-3,1,2,2,144.74000549316406,123.02900466918945,"Price:Trend Down (LL & LH) [No reversal (no rally high between the lows)] | NewHigh:No | Vol:Volume contracting, price rising | MA:Above EMA | MACD:MACD +2",,GILD,2026-09-28,144.74000549316406,2,False,False,False,False,,-3,1,2,2,144.74000549316406,123.02900466918945,"Price:Trend Down (LL & LH) [No reversal (no rally high between the lows)] | NewHigh:No | Vol:Volume contracting, price rising | MA:Above EMA | MACD:MACD +2",
GLW,,,,,,,,,,,,,,,,,,,,164.19000244140625,13.917988537434578,-15.554840882253206,11.378650247208943,99.25631337833181,74.28425948305753,2026-09-28,2,False,False,False,False,,0,-2,2,2,164.19000244140625,139.5615020751953,"Price:Sideways/Mixed [No reversal (close has not cleared the high point)] | NewHigh:No | Vol:Volume contracting, price falling | MA:Above EMA | MACD:MACD +2",,GLW,2026-09-28,164.19000244140625,2,False,False,False,False,,0,-2,2,2,164.19000244140625,139.5615020751953,"Price:Sideways/Mixed [No reversal (close has not cleared the high point)] | NewHigh:No | Vol:Volume contracting, price falling | MA:Above EMA | MACD:MACD +2",
GM,,,,,,,,,,,,,,,,,,,,78.2699966430664,-7.5858895009190075,0.7474100936108785,8.35659282846375,28.701119802067087,33.683589173479135,2026-09-28,2,False,False,False,False,,3,-1,-1,1,78.2699966430664,66.52949714660645,"Price:Trend Up (HH & HL) [No reversal (no lower high into the base - trend was not down)] | NewHigh:No | Vol:Volume expanding, price falling | MA:Fresh cross below EMA | MACD:MACD +1",,GM,2026-09-28,78.2699966430664,2,False,False,False,False,,3,-1,-1,1,78.2699966430664,66.52949714660645,"Price:Trend Up (HH & HL) [No reversal (no lower high into the base - trend was not down)] | NewHigh:No | Vol:Volume expanding, price falling | MA:Fresh cross below EMA | MACD:MACD +1",
GNRC,,,,,,,,,,,,,,,,,,,,216.8000030517578,19.938044722367444,-15.907061361154307,11.700761060519271,29.132172160294267,58.87678203908946,2026-09-28,2,False,False,False,False,,0,2,1,-1,216.8000030517578,184.28000259399414,"Price:Sideways/Mixed [No reversal (second low not higher)] | NewHigh:No | Vol:Volume expanding, price rising | MA:Fresh cross above EMA | MACD:MACD -1",,GNRC,2026-09-28,216.8000030517578,2,False,False,False,False,,0,2,1,-1,216.8000030517578,184.28000259399414,"Price:Sideways/Mixed [No reversal (second low not higher)] | NewHigh:No | Vol:Volume expanding, price rising | MA:Fresh cross above EMA | MACD:MACD -1",
HCA,,,,,,,,,,,,,,,,,,,,426.69000244140625,6.321629175568444,2.4951988058701913,-9.2206106637285,0.83052731265576,35.7408114548321,2026-09-28,2,False,False,False,False,,0,2,2,-2,426.69000244140625,362.6865020751953,"Price:Sideways/Mixed [No reversal (no rally high between the lows)] | NewHigh:No | Vol:Volume expanding, price rising | MA:Above EMA | MACD:MACD -2",,HCA,2026-09-28,426.69000244140625,2,False,False,False,False,,0,2,2,-2,426.69000244140625,362.6865020751953,"Price:Sideways/Mixed [No reversal (no rally high between the lows)] | NewHigh:No | Vol:Volume expanding, price rising | MA:Above EMA | MACD:MACD -2",
HWM,,,,,,,,,,,,,,,,,,,,231.27000427246094,-8.574478915926287,-16.74218358180013,-0.5141177758657856,18.938412366980593,37.07573866999656,2026-09-28,2,False,False,False,False,,3,2,-2,-1,231.27000427246094,196.5795036315918,"Price:Trend Up (HH & HL) [No reversal (no lower low into the base - trend was not down)] | NewHigh:No | Vol:Volume expanding, price rising | MA:Below EMA | MACD:MACD mixed -1",,HWM,2026-09-28,231.27000427246094,2,False,False,False,False,,3,2,-2,-1,231.27000427246094,196.5795036315918,"Price:Trend Up (HH & HL) [No reversal (no lower low into the base - trend was not down)] | NewHigh:No | Vol:Volume expanding, price rising | MA:Below EMA | MACD:MACD mixed -1",
IR,,,,,,,,,,,,,,,,,,,,76.06999969482422,1.4266662597656188,-5.633190959432377,-2.3112902988767003,-8.807765891342134,30.347951138405026,2026-09-28,2,False,False,False,False,,3,2,-2,-1,76.06999969482422,64.65949974060058,"Price:Trend Up (HH & HL) [No reversal (no rally high between the lows)] | NewHigh:No | Vol:Volume expanding, price rising | MA:Below EMA | MACD:MACD -1",,IR,2026-09-28,76.06999969482422,2,False,False,False,False,,3,2,-2,-1,76.06999969482422,64.65949974060058,"Price:Trend Up (HH & HL) [No reversal (no rally high between the lows)] | NewHigh:No | Vol:Volume expanding, price rising | MA:Below EMA | MACD:MACD -1",
IRM,,,,,,,,,,,,,,,,,,,,113.38999938964844,2.1736870747476322,-1.8121239936691014,11.37685959344019,14.614927186216153,28.596838040302647,2026-09-28,2,False,False,False,False,,3,-1,-2,2,113.38999938964844,96.38149948120117,"Price:Trend Up (HH & HL) [No reversal (no lower low into the base - trend was not down)] | NewHigh:No | Vol:Volume expanding, price falling | MA:Below EMA | MACD:MACD +2",,IRM,2026-09-28,113.38999938964844,2,False,False,False,False,,3,-1,-2,2,113.38999938964844,96.38149948120117,"Price:Trend Up (HH & HL) [No reversal (no lower low into the base - trend was not down)] | NewHigh:No | Vol:Volume expanding, price falling | MA:Below EMA | MACD:MACD +2",
JPM,,,,,,,,,,,,,,,,,,,,332.3800048828125,-6.692492351972145,-1.5811904295241597,13.912438862455744,9.02084787880153,18.73592045803649,2026-09-28,2,False,False,False,False,,3,-1,-1,1,332.3800048828125,282.5230041503906,"Price:Trend Up (HH & HL) [No reversal (breakout already occurred in an earlier week)] | NewHigh:No | Vol:Volume expanding, price falling | MA:Fresh cross below EMA | MACD:MACD +1",,JPM,2026-09-28,332.3800048828125,2,False,False,False,False,,3,-1,-1,1,332.3800048828125,282.5230041503906,"Price:Trend Up (HH & HL) [No reversal (breakout already occurred in an earlier week)] | NewHigh:No | Vol:Volume expanding, price falling | MA:Fresh cross below EMA | MACD:MACD +1",
LUV,,,,,,,,,,,,,,,,,,,,42.470001220703125,10.512622647528925,-16.022593197088852,13.976740598158877,33.915589530791394,34.125421139743764,2026-09-22,2,False,False,False,False,,3,2,-2,-1,42.279998779296875,35.93799896240234,"Price:Trend Up (HH & HL) [No reversal (close has not cleared the high point)] | NewHigh:No | Vol:Volume expanding, price rising | MA:Below EMA | MACD:MACD mixed -1",,LUV,2026-09-22,42.470001220703125,2,False,False,False,False,,3,2,-2,-1,42.279998779296875,35.93799896240234,"Price:Trend Up (HH & HL) [No reversal (close has not cleared the high point)] | NewHigh:No | Vol:Volume expanding, price rising | MA:Below EMA | MACD:MACD mixed -1",
MCHP,,,,,,,,,,,,,,,,,,,,81.31999969482422,11.764702181518128,-6.5997653684703455,25.33517195057464,30.166818301164433,52.21595150107241,2026-09-28,2,False,False,False,False,,0,1,2,-1,81.31999969482422,69.12199974060059,"Price:Sideways/Mixed [No reversal (no lower low into the base - trend was not down)] | NewHigh:No | Vol:Volume contracting, price rising | MA:Above EMA | MACD:MACD mixed -1",,MCHP,2026-09-28,81.31999969482422,2,False,False,False,False,,0,1,2,-1,81.31999969482422,69.12199974060059,"Price:Sideways/Mixed [No reversal (no lower low into the base - trend was not down)] | NewHigh:No | Vol:Volume contracting, price rising | MA:Above EMA | MACD:MACD mixed -1",
MET,,,,,,,,,,,,,,,,,,,,94.43000030517578,-2.06388498398713,5.035409726328632,35.38336489729807,18.54715401678817,19.570182549046088,2026-09-28,2,False,False,False,False,,0,-1,2,1,94.43000030517578,80.26550025939942,"Price:Sideways/Mixed [No reversal (no lower high into the base - trend was not down)] | NewHigh:No | Vol:Volume expanding, price falling | MA:Above EMA | MACD:MACD +1",,MET,2026-09-28,94.43000030517578,2,False,False,False,False,,0,-1,2,1,94.43000030517578,80.26550025939942,"Price:Sideways/Mixed [No reversal (no lower high into the base - trend was not down)] | NewHigh:No | Vol:Volume expanding, price falling | MA:Above EMA | MACD:MACD +1",
MMM,,,,,,,,,,,,,,,,,,,,161.88999938964844,-4.065185546875005,2.1669503882385754,13.130479585780574,5.691294941689895,25.234551846798354,2026-09-28,2,False,False,False,False,,3,-1,-1,1,161.88999938964844,137.60649948120115,"Price:Trend Up (HH & HL) [No reversal (no lower low into the base - trend was not down)] | NewHigh:No | Vol:Volume expanding, price falling | MA:Fresh cross below EMA | MACD:MACD +1",,MMM,2026-09-28,161.88999938964844,2,False,False,False,False,,3,-1,-1,1,161.88999938964844,137.60649948120115,"Price:Trend Up (HH & HL) [No reversal (no lower low into the base - trend was not down)] | NewHigh:No | Vol:Volume expanding, price falling | MA:Fresh cross below EMA | MACD:MACD +1",
NEM,,,,,,,,,,,,,,,,,,,,115.55999755859375,-7.477985470920856,17.923175402575975,1.7719798558848199,35.71131361865418,43.831940490604495,2026-09-28,2,False,False,False,False,,0,-2,2,2,115.55999755859375,98.22599792480469,"Price:Sideways/Mixed [No reversal (second low not higher)] | NewHigh:No | Vol:Volume contracting, price falling | MA:Above EMA | MACD:MACD +2",,NEM,2026-09-28,115.55999755859375,2,False,False,False,False,,0,-2,2,2,115.55999755859375,98.22599792480469,"Price:Sideways/Mixed [No reversal (second low not higher)] | NewHigh:No | Vol:Volume contracting, price falling | MA:Above EMA | MACD:MACD +2",
NRGV,,,,,,,,,,,,,,,,,,,,3.940000057220459,10.985918595568144,-4.36892799365205,23.124999953433868,22.74143334574199,99.41278901109256,2026-09-28,2,False,False,False,False,,0,-2,2,2,3.940000057220459,3.34900004863739,"Price:Sideways/Mixed [No reversal (close has not cleared the high point)] | NewHigh:No | Vol:Volume contracting, price falling | MA:Above EMA | MACD:MACD +2",,NRGV,2026-09-28,3.940000057220459,2,False,False,False,False,,0,-2,2,2,3.940000057220459,3.34900004863739,"Price:Sideways/Mixed [No reversal (close has not cleared the high point)] | NewHigh:No | Vol:Volume contracting, price falling | MA:Above EMA | MACD:MACD +2",
ON,,,,,,,,,,,,,,,,,,,,84.88999938964844,17.348636559419205,-10.349564683792266,36.50104721692402,75.57394429926416,55.53433631882064,2026-09-28,2,False,False,False,False,,0,2,1,-1,84.88999938964844,72.15649948120117,"Price:Sideways/Mixed [No reversal (second low not higher)] | NewHigh:No | Vol:Volume expanding, price rising | MA:Fresh cross above EMA | MACD:MACD mixed -1",,ON,2026-09-28,84.88999938964844,2,False,False,False,False,,0,2,1,-1,84.88999938964844,72.15649948120117,"Price:Sideways/Mixed [No reversal (second low not higher)] | NewHigh:No | Vol:Volume expanding, price rising | MA:Fresh cross above EMA | MACD:MACD mixed -1",
ONTO,,,,,,,,,,,,,,,,,,,,327.7699890136719,28.764480488741604,7.868756932389687,52.07627284836065,138.82976966945554,87.04673936051257,2026-09-28,2,False,False,False,False,,-3,1,2,2,327.7699890136719,278.60449066162107,"Price:Trend Down (LL & LH) [No reversal (second low not higher)] | NewHigh:No | Vol:Volume contracting, price rising | MA:Above EMA | MACD:MACD +2",,ONTO,2026-09-28,327.7699890136719,2,False,False,False,False,,-3,1,2,2,327.7699890136719,278.60449066162107,"Price:Trend Down (LL & LH) [No reversal (second low not higher)] | NewHigh:No | Vol:Volume contracting, price rising | MA:Above EMA | MACD:MACD +2",
RCL,,,,,,,,,,,,,,,,,,,,277.739990234375,5.192187307842744,-2.9152673131099593,2.649607469737436,-10.354263316813373,36.001629259087224,2026-09-28,2,False,False,False,False,,3,2,-2,-1,277.739990234375,236.07899169921873,"Price:Trend Up (HH & HL) [No reversal (no lower high into the base - trend was not down)] | NewHigh:No | Vol:Volume expanding, price rising | MA:Below EMA | MACD:MACD -1",,RCL,2026-09-28,277.739990234375,2,False,False,False,False,,3,2,-2,-1,277.739990234375,236.07899169921873,"Price:Trend Up (HH & HL) [No reversal (no lower high into the base - trend was not down)] | NewHigh:No | Vol:Volume expanding, price rising | MA:Below EMA | MACD:MACD -1",
RL,,,,,,,,,,,,,,,,,,,,363.3699951171875,8.292916822721107,-8.052669925685564,4.96420064564016,15.690939280297101,31.07379098628212,2026-09-28,2,False,False,False,False,,0,2,1,-1,363.3699951171875,308.86449584960934,"Price:Sideways/Mixed [No reversal (no lower high into the base - trend was not down)] | NewHigh:No | Vol:Volume expanding, price rising | MA:Fresh cross above EMA | MACD:MACD mixed -1",,RL,2026-09-28,363.3699951171875,2,False,False,False,False,,0,2,1,-1,363.3699951171875,308.86449584960934,"Price:Sideways/Mixed [No reversal (no lower high into the base - trend was not down)] | NewHigh:No | Vol:Volume expanding, price rising | MA:Fresh cross above EMA | MACD:MACD mixed -1",
ROP,,,,,,,,,,,,,,,,,,,,354.32000732421875,-14.56949836623802,-2.2368380612840744,-0.2430694699246838,-28.040736736011105,33.57059666990045,2026-09-28,2,False,False,False,False,,3,-1,-2,2,354.32000732421875,301.1720062255859,"Price:Trend Up (HH & HL) [No reversal (breakout already occurred in an earlier week)] | NewHigh:No | Vol:Volume expanding, price falling | MA:Below EMA | MACD:MACD +2",,ROP,2026-09-28,354.32000732421875,2,False,False,False,False,,3,-1,-2,2,354.32000732421875,301.1720062255859,"Price:Trend Up (HH & HL) [No reversal (breakout already occurred in an earlier week)] | NewHigh:No | Vol:Volume expanding, price falling | MA:Below EMA | MACD:MACD +2",
SLB,,,,,,,,,,,,,,,,,,,,48.7400016784668,-16.15344781887321,7.158562210410868,-0.38476561738621795,42.29573378938416,39.09504802412393,2026-09-28,2,False,False,False,False,,3,-1,-1,1,48.7400016784668,41.42900142669678,"Price:Trend Up (HH & HL) [No reversal (no lower low into the base - trend was not down)] | NewHigh:No | Vol:Volume expanding, price falling | MA:Fresh cross below EMA | MACD:MACD +1",,SLB,2026-09-28,48.7400016784668,2,False,False,False,False,,3,-1,-1,1,48.7400016784668,41.42900142669678,"Price:Trend Up (HH & HL) [No reversal (no lower low into the base - trend was not down)] | NewHigh:No | Vol:Volume expanding, price falling | MA:Fresh cross below EMA | MACD:MACD +1",
UAL,,,,,,,,,,,,,,,,,,,,112.51000213623047,3.8394127556014457,-15.086790840580777,22.01496936700018,20.78368254773777,37.928663525055875,2026-09-28,2,False,False,False,False,,-3,1,2,2,112.51000213623047,95.6335018157959,"Price:Trend Down (LL & LH) [No reversal (second low not higher)] | NewHigh:No | Vol:Volume contracting, price rising | MA:Above EMA | MACD:MACD +2",,UAL,2026-09-28,112.51000213623047,2,False,False,False,False,,-3,1,2,2,112.51000213623047,95.6335018157959,"Price:Trend Down (LL & LH) [No reversal (second low not higher)] | NewHigh:No | Vol:Volume contracting, price rising | MA:Above EMA | MACD:MACD +2",
USB,,,,,,,,,,,,,,,,,,,,57.5099983215332,-7.520861923986022,-7.60917812872548,10.568377705701359,24.73328529079113,19.474138122791416,2026-09-28,2,False,False,False,False,,3,-1,-1,1,57.5099983215332,48.88349857330322,"Price:Trend Up (HH & HL) [No reversal (no lower low into the base - trend was not down)] | NewHigh:No | Vol:Volume expanding, price falling | MA:Fresh cross below EMA | MACD:MACD +1",,USB,2026-09-28,57.5099983215332,2,False,False,False,False,,3,-1,-1,1,57.5099983215332,48.88349857330322,"Price:Trend Up (HH & HL) [No reversal (no lower low into the base - trend was not down)] | NewHigh:No | Vol:Volume expanding, price falling | MA:Fresh cross below EMA | MACD:MACD +1",
VRSN,,,,,,,,,,,,,,,,,,,,288.32000732421875,-0.5655897983130709,11.591235813344625,11.578056761532185,6.180916213272858,29.698424586360794,2026-09-28,2,False,False,False,False,,0,-1,2,1,288.32000732421875,245.07200622558594,"Price:Sideways/Mixed [No reversal (no lower low into the base - trend was not down)] | NewHigh:No | Vol:Volume expanding, price falling | MA:Above EMA | MACD:MACD +1",,VRSN,2026-09-28,288.32000732421875,2,False,False,False,False,,0,-1,2,1,288.32000732421875,245.07200622558594,"Price:Sideways/Mixed [No reversal (no lower low into the base - trend was not down)] | NewHigh:No | Vol:Volume expanding, price falling | MA:Above EMA | MACD:MACD +1",
WDC,,,,,,,,,,,,,,,,,,,,415.2900085449219,-7.457492722631709,-28.06024675861426,40.87250077821258,218.60387391893786,80.72880228841802,2026-09-28,2,False,False,False,False,,3,-1,-1,1,415.2900085449219,352.99650726318356,"Price:Trend Up (HH & HL) [No reversal (no lower low into the base - trend was not down)] | NewHigh:No | Vol:Volume expanding, price falling | MA:Fresh cross below EMA | MACD:MACD +1",,WDC,2026-09-28,415.2900085449219,2,False,False,False,False,,3,-1,-1,1,415.2900085449219,352.99650726318356,"Price:Trend Up (HH & HL) [No reversal (no lower low into the base - trend was not down)] | NewHigh:No | Vol:Volume expanding, price falling | MA:Fresh cross below EMA | MACD:MACD +1",
XOM,,,,,,,,,,,,,,,,,,,,164.00999450683594,-0.08528747782757806,20.98504030467554,3.4242340937941984,50.69510601455028,25.804712533671882,2026-09-28,2,False,False,False,False,,0,-2,2,2,164.00999450683594,139.40849533081055,"Price:Sideways/Mixed [No reversal (second low not higher)] | NewHigh:No | Vol:Volume contracting, price falling | MA:Above EMA | MACD:MACD +2",,XOM,2026-09-28,164.00999450683594,2,False,False,False,False,,0,-2,2,2,164.00999450683594,139.40849533081055,"Price:Sideways/Mixed [No reversal (second low not higher)] | NewHigh:No | Vol:Volume contracting, price falling | MA:Above EMA | MACD:MACD +2",
ACGL,,,,,,,,,,,,,,,,,,,,93.5999984741211,-4.694023677147574,-8.064040154551256,-3.245812961532446,3.6430085311349503,20.979378493086145,2026-09-28,1,False,False,False,False,,3,-1,-2,1,93.5999984741211,79.55999870300293,"Price:Trend Up (HH & HL) [No reversal (no lower high into the base - trend was not down)] | NewHigh:No | Vol:Volume expanding, price falling | MA:Below EMA | MACD:MACD +1",,ACGL,2026-09-28,93.5999984741211,1,False,False,False,False,,3,-1,-2,1,93.5999984741211,79.55999870300293,"Price:Trend Up (HH & HL) [No reversal (no lower high into the base - trend was not down)] | NewHigh:No | Vol:Volume expanding, price falling | MA:Below EMA | MACD:MACD +1",
AFL,,,,,,,,,,,,,,,,,,,,111.54000091552734,-4.861819389373812,-6.946335709527485,1.9933382377409936,2.8188706105518158,16.52304695959654,2026-09-28,1,False,False,False,False,,3,-1,-2,1,111.54000091552734,94.80900077819824,"Price:Trend Up (HH & HL) [No reversal (no lower low into the base - trend was not down)] | NewHigh:No | Vol:Volume expanding, price falling | MA:Below EMA | MACD:MACD +1",,AFL,2026-09-28,111.54000091552734,1,False,False,False,False,,3,-1,-2,1,111.54000091552734,94.80900077819824,"Price:Trend Up (HH & HL) [No reversal (no lower low into the base - trend was not down)] | NewHigh:No | Vol:Volume expanding, price falling | MA:Below EMA | MACD:MACD +1",
AJG,,,,,,,,,,,,,,,,,,,,226.11000061035156,-14.272805835839197,-9.230839626425425,4.530477352727469,-25.199389615385005,32.49770281096017,2026-09-28,1,False,False,False,False,,3,-1,-2,1,226.11000061035156,192.19350051879883,"Price:Trend Up (HH & HL) [No reversal (no lower high into the base - trend was not down)] | NewHigh:No | Vol:Volume expanding, price falling | MA:Below EMA | MACD:MACD +1",,AJG,2026-09-28,226.11000061035156,1,False,False,False,False,,3,-1,-2,1,226.11000061035156,192.19350051879883,"Price:Trend Up (HH & HL) [No reversal (no lower high into the base - trend was not down)] | NewHigh:No | Vol:Volume expanding, price falling | MA:Below EMA | MACD:MACD +1",
ALL,,,,,,,,,,,,,,,,,,,,223.74000549316406,-13.72715020722982,-9.541735871572799,9.092769764949127,8.253481484500202,29.22743888679213,2026-09-28,1,False,False,False,False,,3,-1,-2,1,223.74000549316406,190.17900466918945,"Price:Trend Up (HH & HL) [No reversal (no lower low into the base - trend was not down)] | NewHigh:No | Vol:Volume expanding, price falling | MA:Below EMA | MACD:MACD +1",,ALL,2026-09-28,223.74000549316406,1,False,False,False,False,,3,-1,-2,1,223.74000549316406,190.17900466918945,"Price:Trend Up (HH & HL) [No reversal (no lower low into the base - trend was not down)] | NewHigh:No | Vol:Volume expanding, price falling | MA:Below EMA | MACD:MACD +1",
AMP,,,,,,,,,,,,,,,,,,,,490.9100036621094,-11.04285124940414,-2.9667570215334615,13.896426376502102,2.225160568246487,23.030116349143302,2026-09-28,1,False,False,False,False,,3,-1,-2,1,490.9100036621094,417.273503112793,"Price:Trend Up (HH & HL) [No reversal (breakout already occurred in an earlier week)] | NewHigh:No | Vol:Volume expanding, price falling | MA:Below EMA | MACD:MACD +1",,AMP,2026-09-28,490.9100036621094,1,False,False,False,False,,3,-1,-2,1,490.9100036621094,417.273503112793,"Price:Trend Up (HH & HL) [No reversal (breakout already occurred in an earlier week)] | NewHigh:No | Vol:Volume expanding, price falling | MA:Below EMA | MACD:MACD +1",
AWK,,,,,,,,,,,,,,,,,,,,130.25,-6.6241344392354184,-1.4829270477080603,-4.4054682887452845,-1.6657938457717458,20.731962533698514,2026-09-28,1,False,False,False,False,,3,-1,-2,1,130.25,110.71249999999999,"Price:Trend Up (HH & HL) [No reversal (no lower high into the base - trend was not down)] | NewHigh:No | Vol:Volume expanding, price falling | MA:Below EMA | MACD:MACD +1",,AWK,2026-09-28,130.25,1,False,False,False,False,,3,-1,-2,1,130.25,110.71249999999999,"Price:Trend Up (HH & HL) [No reversal (no lower high into the base - trend was not down)] | NewHigh:No | Vol:Volume expanding, price falling | MA:Below EMA | MACD:MACD +1",
BAC,,,,,,,,,,,,,,,,,,,,53.75,-13.699301270240127,-9.809291827452816,9.973540457827124,8.318329309325968,20.84871736519245,2026-09-28,1,False,False,False,False,,3,-1,-2,1,53.75,45.6875,"Price:Trend Up (HH & HL) [No reversal (close has not cleared the high point)] | NewHigh:No | Vol:Volume expanding, price falling | MA:Below EMA | MACD:MACD +1",,BAC,2026-09-28,53.75,1,False,False,False,False,,3,-1,-2,1,53.75,45.6875,"Price:Trend Up (HH & HL) [No reversal (close has not cleared the high point)] | NewHigh:No | Vol:Volume expanding, price falling | MA:Below EMA | MACD:MACD +1",
BLK,,,,,,,,,,,,,,,,,,,,1059.6300048828125,-3.7948574154969106,5.326074737137976,10.812536940750551,-5.1526317405445665,26.806762679481423,2026-09-28,1,False,False,False,False,,3,-2,-1,1,1059.6300048828125,900.6855041503906,"Price:Trend Up (HH & HL) [No reversal (close has not cleared the high point)] | NewHigh:No | Vol:Volume contracting, price falling | MA:Fresh cross below EMA | MACD:MACD +1",,BLK,2026-09-28,1059.6300048828125,1,False,False,False,False,,3,-2,-1,1,1059.6300048828125,900.6855041503906,"Price:Trend Up (HH & HL) [No reversal (close has not cleared the high point)] | NewHigh:No | Vol:Volume contracting, price falling | MA:Fresh cross below EMA | MACD:MACD +1",
CFG,,,,,,,,,,,,,,,,,,,,64.33000183105469,-7.810256582949604,-10.209855950057467,6.924868072690815,25.645132076697543,24.951098854751933,2026-09-28,1,False,False,False,False,,3,-1,-2,1,64.33000183105469,54.680501556396486,"Price:Trend Up (HH & HL) [No reversal (no lower low into the base - trend was not down)] | NewHigh:No | Vol:Volume expanding, price falling | MA:Below EMA | MACD:MACD +1",,CFG,2026-09-28,64.33000183105469,1,False,False,False,False,,3,-1,-2,1,64.33000183105469,54.680501556396486,"Price:Trend Up (HH & HL) [No reversal (no lower low into the base - trend was not down)] | NewHigh:No | Vol:Volume expanding, price falling | MA:Below EMA | MACD:MACD +1",
CGNX,,,,,,,,,,,,,,,,,,,,64.97000122070312,8.39172957830665,-6.373291366451661,32.49661124754635,42.68109839213447,49.33500932444624,2026-09-28,1,False,False,False,False,,-3,1,1,2,64.97000122070312,55.224501037597655,"Price:Trend Down (LL & LH) [No reversal (second low not higher)] | NewHigh:No | Vol:Volume contracting, price rising | MA:Fresh cross above EMA | MACD:MACD +2",,CGNX,2026-09-28,64.97000122070312,1,False,False,False,False,,-3,1,1,2,64.97000122070312,55.224501037597655,"Price:Trend Down (LL & LH) [No reversal (second low not higher)] | NewHigh:No | Vol:Volume contracting, price rising | MA:Fresh cross above EMA | MACD:MACD +2",
CINF,,,,,,,,,,,,,,,,,,,,161.9499969482422,-5.135279956060435,-14.09186420538523,3.3810044878237244,3.6320686644455202,22.31459522508211,2026-09-28,1,False,False,False,False,,3,-1,-2,1,161.9499969482422,137.65749740600586,"Price:Trend Up (HH & HL) [No reversal (no lower low into the base - trend was not down)] | NewHigh:No | Vol:Volume expanding, price falling | MA:Below EMA | MACD:MACD +1",,CINF,2026-09-28,161.9499969482422,1,False,False,False,False,,3,-1,-2,1,161.9499969482422,137.65749740600586,"Price:Trend Up (HH & HL) [No reversal (no lower low into the base - trend was not down)] | NewHigh:No | Vol:Volume expanding, price falling | MA:Below EMA | MACD:MACD +1",
COF,,,,,,,,,,,,,,,,,,,,194.72000122070312,-10.101571683407895,-5.371611505697727,7.875125870952604,-7.369993983231005,27.68186138817387,2026-09-28,1,False,False,False,False,,3,-1,-2,1,194.72000122070312,165.51200103759766,"Price:Trend Up (HH & HL) [No reversal (close has not cleared the high point)] | NewHigh:No | Vol:Volume expanding, price falling | MA:Below EMA | MACD:MACD +1",,COF,2026-09-28,194.72000122070312,1,False,False,False,False,,3,-1,-2,1,194.72000122070312,165.51200103759766,"Price:Trend Up (HH & HL) [No reversal (close has not cleared the high point)] | NewHigh:No | Vol:Volume expanding, price falling | MA:Below EMA | MACD:MACD +1",
D,,,,,,,,,,,,,,,,,,,,61.310001373291016,-6.238629893404523,-10.58419630558971,-0.3512866840472695,4.9749427952967995,14.180139075672685,2026-09-28,1,False,False,False,False,,3,-1,-2,1,61.310001373291016,52.113501167297365,"Price:Trend Up (HH & HL) [No reversal (no rally high between the lows)] | NewHigh:No | Vol:Volume expanding, price falling | MA:Below EMA | MACD:MACD +1",,D,2026-09-28,61.310001373291016,1,False,False,False,False,,3,-1,-2,1,61.310001373291016,52.113501167297365,"Price:Trend Up (HH & HL) [No reversal (no rally high between the lows)] | NewHigh:No | Vol:Volume expanding, price falling | MA:Below EMA | MACD:MACD +1",
DASH,,,,,,,,,,,,,,,,,,,,189.14999389648438,-16.394099494397494,0.3661186235999425,20.90124486167948,-29.326713666136527,42.722334378188265,2026-09-28,1,False,False,False,False,,3,-1,-2,1,189.14999389648438,160.77749481201172,"Price:Trend Up (HH & HL) [No reversal (no rally high between the lows)] | NewHigh:No | Vol:Volume expanding, price falling | MA:Below EMA | MACD:MACD +1",,DASH,2026-09-28,189.14999389648438,1,False,False,False,False,,3,-1,-2,1,189.14999389648438,160.77749481201172,"Price:Trend Up (HH & HL) [No reversal (no rally high between the lows)] | NewHigh:No | Vol:Volume expanding, price falling | MA:Below EMA | MACD:MACD +1",
DOC,,,,,,,,,,,,,,,,,,,,19.489999771118164,-6.854860138352581,-9.08226802366231,21.653438221167363,8.582300370949426,18.848729442652708,2026-09-28,1,False,False,False,False,,3,-2,-1,1,19.489999771118164,16.566499805450437,"Price:Trend Up (HH & HL) [No reversal (no lower low into the base - trend was not down)] | NewHigh:No | Vol:Volume contracting, price falling | MA:Fresh cross below EMA | MACD:MACD +1",,DOC,2026-09-28,19.489999771118164,1,False,False,False,False,,3,-2,-1,1,19.489999771118164,16.566499805450437,"Price:Trend Up (HH & HL) [No reversal (no lower low into the base - trend was not down)] | NewHigh:No | Vol:Volume contracting, price falling | MA:Fresh cross below EMA | MACD:MACD +1",
DRI,,,,,,,,,,,,,,,,,,,,200.3300018310547,-8.953323209351305,-0.6248176760418667,3.6545479752634336,7.424286931113855,30.6620848059464,2026-09-28,1,False,False,False,False,,3,-1,-2,1,200.3300018310547,170.28050155639647,"Price:Trend Up (HH & HL) [No reversal (no lower low into the base - trend was not down)] | NewHigh:No | Vol:Volume expanding, price falling | MA:Below EMA | MACD:MACD +1",,DRI,2026-09-28,200.3300018310547,1,False,False,False,False,,3,-1,-2,1,200.3300018310547,170.28050155639647,"Price:Trend Up (HH & HL) [No reversal (no lower low into the base - trend was not down)] | NewHigh:No | Vol:Volume expanding, price falling | MA:Below EMA | MACD:MACD +1",
EQIX,,,,,,,,,,,,,,,,,,,,1025.719970703125,0.6357659168435781,3.181786059496017,3.5335306122738164,35.366562886738116,27.635062515483433,2026-09-28,1,False,False,False,False,,0,-2,1,2,1025.719970703125,871.8619750976562,"Price:Sideways/Mixed [No reversal (no lower high into the base - trend was not down)] | NewHigh:No | Vol:Volume contracting, price falling | MA:Fresh cross above EMA | MACD:MACD +2",,EQIX,2026-09-28,1025.719970703125,1,False,False,False,False,,0,-2,1,2,1025.719970703125,871.8619750976562,"Price:Sideways/Mixed [No reversal (no lower high into the base - trend was not down)] | NewHigh:No | Vol:Volume contracting, price falling | MA:Fresh cross above EMA | MACD:MACD +2",
EXPE,,,,,,,,,,,,,,,,,,,,265.0,-13.977795851408336,-0.5165656979250643,18.040594533904518,22.490189416778918,44.01667044509018,2026-09-28,1,False,False,False,False,,3,-1,-2,1,265.0,225.25,"Price:Trend Up (HH & HL) [No reversal (no rally high between the lows)] | NewHigh:No | Vol:Volume expanding, price falling | MA:Below EMA | MACD:MACD +1",,EXPE,2026-09-28,265.0,1,False,False,False,False,,3,-1,-2,1,265.0,225.25,"Price:Trend Up (HH & HL) [No reversal (no rally high between the lows)] | NewHigh:No | Vol:Volume expanding, price falling | MA:Below EMA | MACD:MACD +1",
FANG,,,,,,,,,,,,,,,,,,,,184.7100067138672,-9.197714887175945,6.905683105762406,-3.678181187256846,31.781474385569265,36.065043317148074,2026-09-28,1,False,False,False,False,,3,-1,-2,1,184.7100067138672,157.0035057067871,"Price:Trend Up (HH & HL) [No reversal (no lower low into the base - trend was not down)] | NewHigh:No | Vol:Volume expanding, price falling | MA:Below EMA | MACD:MACD +1",,FANG,2026-09-28,184.7100067138672,1,False,False,False,False,,3,-1,-2,1,184.7100067138672,157.0035057067871,"Price:Trend Up (HH & HL) [No reversal (no lower low into the base - trend was not down)] | NewHigh:No | Vol:Volume expanding, price falling | MA:Below EMA | MACD:MACD +1",
FRT,,,,,,,,,,,,,,,,,,,,106.69000244140625,-8.55924002029681,-10.546416952748427,1.9211498489010603,11.66128604808836,13.612421880078458,2026-09-28,1,False,False,False,False,,3,-1,-2,1,106.69000244140625,90.6865020751953,"Price:Trend Up (HH & HL) [No reversal (no lower low into the base - trend was not down)] | NewHigh:No | Vol:Volume expanding, price falling | MA:Below EMA | MACD:MACD +1",,FRT,2026-09-28,106.69000244140625,1,False,False,False,False,,3,-1,-2,1,106.69000244140625,90.6865020751953,"Price:Trend Up (HH & HL) [No reversal (no lower low into the base - trend was not down)] | NewHigh:No | Vol:Volume expanding, price falling | MA:Below EMA | MACD:MACD +1",
GE,,,,,,,,,,,,,,,,,,,,309.55999755859375,-6.0515940641597155,-18.25287748338127,10.238251448310898,3.281159540701206,29.213293107954318,2026-09-28,1,False,False,False,False,,3,-1,-2,1,309.55999755859375,263.12599792480466,"Price:Trend Up (HH & HL) [No reversal (no lower high into the base - trend was not down)] | NewHigh:No | Vol:Volume expanding, price falling | MA:Below EMA | MACD:MACD +1",,GE,2026-09-28,309.55999755859375,1,False,False,False,False,,3,-1,-2,1,309.55999755859375,263.12599792480466,"Price:Trend Up (HH & HL) [No reversal (no lower high into the base - trend was not down)] | NewHigh:No | Vol:Volume expanding, price falling | MA:Below EMA | MACD:MACD +1",
GEN,,,,,,,,,,,,,,,,,,,,21.989999771118164,-28.254485987583756,-16.96639020469143,17.550593299945525,-20.238976737074744,45.502225195405664,2026-09-28,1,False,False,False,False,,3,-1,-2,1,21.989999771118164,18.691499805450437,"Price:Trend Up (HH & HL) [No reversal (close has not cleared the high point)] | NewHigh:No | Vol:Volume expanding, price falling | MA:Below EMA | MACD:MACD +1",,GEN,2026-09-28,21.989999771118164,1,False,False,False,False,,3,-1,-2,1,21.989999771118164,18.691499805450437,"Price:Trend Up (HH & HL) [No reversal (close has not cleared the high point)] | NewHigh:No | Vol:Volume expanding, price falling | MA:Below EMA | MACD:MACD +1",
GL,,,,,,,,,,,,,,,,,,,,165.67999267578125,-4.419063011388191,-6.38490412733097,16.397942743768002,18.472842200408014,22.014935962357324,2026-09-28,1,False,False,False,False,,0,-2,2,1,165.67999267578125,140.82799377441407,"Price:Sideways/Mixed [No reversal (no lower low into the base - trend was not down)] | NewHigh:No | Vol:Volume contracting, price falling | MA:Above EMA | MACD:MACD +1",,GL,2026-09-28,165.67999267578125,1,False,False,False,False,,0,-2,2,1,165.67999267578125,140.82799377441407,"Price:Sideways/Mixed [No reversal (no lower low into the base - trend was not down)] | NewHigh:No | Vol:Volume contracting, price falling | MA:Above EMA | MACD:MACD +1",
GS,,,,,,,,,,,,,,,,,,,,902.5599975585938,-10.141174716221645,-14.053925214839857,5.5545102249277,17.161060475055724,35.27312042477888,2026-09-28,1,False,False,False,False,,3,-1,-2,1,902.5599975585938,767.1759979248046,"Price:Trend Up (HH & HL) [No reversal (no lower low into the base - trend was not down)] | NewHigh:No | Vol:Volume expanding, price falling | MA:Below EMA | MACD:MACD +1",,GS,2026-09-28,902.5599975585938,1,False,False,False,False,,3,-1,-2,1,902.5599975585938,767.1759979248046,"Price:Trend Up (HH & HL) [No reversal (no lower low into the base - trend was not down)] | NewHigh:No | Vol:Volume expanding, price falling | MA:Below EMA | MACD:MACD +1",
HAS,,,,,,,,,,,,,,,,,,,,89.54000091552734,-4.235293138473429,15.68589375145455,0.8769952886999333,22.730892439945592,30.511249850284294,2026-09-28,1,False,False,False,False,,0,-1,1,1,89.54000091552734,76.10900077819824,"Price:Sideways/Mixed [No reversal (second low not higher)] | NewHigh:No | Vol:Volume expanding, price falling | MA:Fresh cross above EMA | MACD:MACD +1",,HAS,2026-09-28,89.54000091552734,1,False,False,False,False,,0,-1,1,1,89.54000091552734,76.10900077819824,"Price:Sideways/Mixed [No reversal (second low not higher)] | NewHigh:No | Vol:Volume expanding, price falling | MA:Fresh cross above EMA | MACD:MACD +1",
HLT,,,,,,,,,,,,,,,,,,,,319.3599853515625,2.5199753907887867,-5.864478444462873,4.821747833130807,24.629593107397273,22.750762723767036,2026-09-28,1,False,False,False,False,,-3,1,1,2,319.3599853515625,271.4559875488281,"Price:Trend Down (LL & LH) [No reversal (second low not higher)] | NewHigh:No | Vol:Volume contracting, price rising | MA:Fresh cross above EMA | MACD:MACD +2",,HLT,2026-09-28,319.3599853515625,1,False,False,False,False,,-3,1,1,2,319.3599853515625,271.4559875488281,"Price:Trend Down (LL & LH) [No reversal (second low not higher)] | NewHigh:No | Vol:Volume contracting, price rising | MA:Fresh cross above EMA | MACD:MACD +2",
HUM,,,,,,,,,,,,,,,,,,,,388.3599853515625,-3.144877629436371,-1.1454462576464874,118.90357789513844,59.09286246899364,33.464063913011,2026-09-28,1,False,False,False,False,,0,-2,2,1,388.3599853515625,330.1059875488281,"Price:Sideways/Mixed [No reversal (no lower high into the base - trend was not down)] | NewHigh:No | Vol:Volume contracting, price falling | MA:Above EMA | MACD:MACD +1",,HUM,2026-09-28,388.3599853515625,1,False,False,False,False,,0,-2,2,1,388.3599853515625,330.1059875488281,"Price:Sideways/Mixed [No reversal (no lower high into the base - trend was not down)] | NewHigh:No | Vol:Volume contracting, price falling | MA:Above EMA | MACD:MACD +1",
JBHT,,,,,,,,,,,,,,,,,,,,234.1999969482422,-9.999233014526165,-15.534299713427501,9.362855152456074,77.95963605104672,41.771166840110176,2026-09-28,1,False,False,False,False,,3,-1,-2,1,234.1999969482422,199.06999740600585,"Price:Trend Up (HH & HL) [No reversal (no rally high between the lows)] | NewHigh:No | Vol:Volume expanding, price falling | MA:Below EMA | MACD:MACD +1",,JBHT,2026-09-28,234.1999969482422,1,False,False,False,False,,3,-1,-2,1,234.1999969482422,199.06999740600585,"Price:Trend Up (HH & HL) [No reversal (no rally high between the lows)] | NewHigh:No | Vol:Volume expanding, price falling | MA:Below EMA | MACD:MACD +1",
JKHY,,,,,,,,,,,,,,,,,,,,142.5399932861328,-14.351737202203507,-2.2692386720628233,-8.74947971628579,-1.083145529163021,32.887630402220786,2026-09-28,1,False,False,False,False,,3,-1,-2,1,142.5399932861328,121.15899429321288,"Price:Trend Up (HH & HL) [No reversal (no rally high between the lows)] | NewHigh:No | Vol:Volume expanding, price falling | MA:Below EMA | MACD:MACD mixed +1",,JKHY,2026-09-28,142.5399932861328,1,False,False,False,False,,3,-1,-2,1,142.5399932861328,121.15899429321288,"Price:Trend Up (HH & HL) [No reversal (no rally high between the lows)] | NewHigh:No | Vol:Volume expanding, price falling | MA:Below EMA | MACD:MACD mixed +1",
KIM,,,,,,,,,,,,,,,,,,,,22.239999771118164,-6.547265255822843,-10.165991791167706,0.662698229760128,8.279473724630249,14.903957247565616,2026-09-28,1,False,False,False,False,,3,-1,-2,1,22.239999771118164,18.90399980545044,"Price:Trend Up (HH & HL) [No reversal (no lower low into the base - trend was not down)] | NewHigh:No | Vol:Volume expanding, price falling | MA:Below EMA | MACD:MACD +1",,KIM,2026-09-28,22.239999771118164,1,False,False,False,False,,3,-1,-2,1,22.239999771118164,18.90399980545044,"Price:Trend Up (HH & HL) [No reversal (no lower low into the base - trend was not down)] | NewHigh:No | Vol:Volume expanding, price falling | MA:Below EMA | MACD:MACD +1",
LW,,,,,,,,,,,,,,,,,,,,43.599998474121094,-16.80977179725375,-4.706774857347529,12.609832853956116,-27.513590554088463,32.696929460187754,2026-09-28,1,False,False,False,False,,3,-1,-2,1,43.599998474121094,37.059998703002925,"Price:Trend Up (HH & HL) [No reversal (close has not cleared the high point)] | NewHigh:No | Vol:Volume expanding, price falling | MA:Below EMA | MACD:MACD +1",,LW,2026-09-28,43.599998474121094,1,False,False,False,False,,3,-1,-2,1,43.599998474121094,37.059998703002925,"Price:Trend Up (HH & HL) [No reversal (close has not cleared the high point)] | NewHigh:No | Vol:Volume expanding, price falling | MA:Below EMA | MACD:MACD +1",
LYV,,,,,,,,,,,,,,,,,,,,168.77000427246094,-6.024830049593833,-7.921866738793981,8.35955330495084,6.224823190900053,23.279399582928512,2026-09-28,1,False,False,False,False,,3,-2,-1,1,168.77000427246094,143.4545036315918,"Price:Trend Up (HH & HL) [No reversal (no lower low into the base - trend was not down)] | NewHigh:No | Vol:Volume contracting, price falling | MA:Fresh cross below EMA | MACD:MACD +1",,LYV,2026-09-28,168.77000427246094,1,False,False,False,False,,3,-2,-1,1,168.77000427246094,143.4545036315918,"Price:Trend Up (HH & HL) [No reversal (no lower low into the base - trend was not down)] | NewHigh:No | Vol:Volume contracting, price falling | MA:Fresh cross below EMA | MACD:MACD +1",
MAS,,,,,,,,,,,,,,,,,,,,68.36000061035156,-3.63687868940471,-15.276676326865267,16.692394759986385,-0.8381204878852633,36.77971878740302,2026-09-28,1,False,False,False,False,,3,-1,-2,1,68.36000061035156,58.10600051879883,"Price:Trend Up (HH & HL) [No reversal (no lower low into the base - trend was not down)] | NewHigh:No | Vol:Volume expanding, price falling | MA:Below EMA | MACD:MACD +1",,MAS,2026-09-28,68.36000061035156,1,False,False,False,False,,3,-1,-2,1,68.36000061035156,58.10600051879883,"Price:Trend Up (HH & HL) [No reversal (no lower low into the base - trend was not down)] | NewHigh:No | Vol:Volume expanding, price falling | MA:Below EMA | MACD:MACD +1",
MTB,,,,,,,,,,,,,,,,,,,,219.13999938964844,-6.939016746372262,-8.071784557992345,5.679346566345966,15.428002526280737,19.866365960723318,2026-09-28,1,False,False,False,False,,3,-1,-2,1,219.13999938964844,186.26899948120118,"Price:Trend Up (HH & HL) [No reversal (no lower low into the base - trend was not down)] | NewHigh:No | Vol:Volume expanding, price falling | MA:Below EMA | MACD:MACD +1",,MTB,2026-09-28,219.13999938964844,1,False,False,False,False,,3,-1,-2,1,219.13999938964844,186.26899948120118,"Price:Trend Up (HH & HL) [No reversal (no lower low into the base - trend was not down)] | NewHigh:No | Vol:Volume expanding, price falling | MA:Below EMA | MACD:MACD +1",
OKE,,,,,,,,,,,,,,,,,,,,87.87999725341797,-8.467872827746303,1.713164564428693,1.917862495645628,26.953168784921154,26.13579782853136,2026-09-28,1,False,False,False,False,,3,-1,-2,1,87.87999725341797,74.69799766540527,"Price:Trend Up (HH & HL) [No reversal (no rally high between the lows)] | NewHigh:No | Vol:Volume expanding, price falling | MA:Below EMA | MACD:MACD +1",,OKE,2026-09-28,87.87999725341797,1,False,False,False,False,,3,-1,-2,1,87.87999725341797,74.69799766540527,"Price:Trend Up (HH & HL) [No reversal (no rally high between the lows)] | NewHigh:No | Vol:Volume expanding, price falling | MA:Below EMA | MACD:MACD +1",
PAYX,,,,,,,,,,,,,,,,,,,,98.94000244140625,-20.209675450478827,-5.142637538364037,10.420943177286034,-16.70206499907184,34.46816951946858,2026-09-28,1,False,False,False,False,,3,-1,-2,1,98.94000244140625,84.09900207519532,"Price:Trend Up (HH & HL) [No reversal (no rally high between the lows)] | NewHigh:No | Vol:Volume expanding, price falling | MA:Below EMA | MACD:MACD +1",,PAYX,2026-09-28,98.94000244140625,1,False,False,False,False,,3,-1,-2,1,98.94000244140625,84.09900207519532,"Price:Trend Up (HH & HL) [No reversal (no rally high between the lows)] | NewHigh:No | Vol:Volume expanding, price falling | MA:Below EMA | MACD:MACD +1",
PKG,,,,,,,,,,,,,,,,,,,,228.5399932861328,-1.5075964096455174,-2.695058194832367,13.245086790427063,9.066512482946521,28.183152983021493,2026-09-28,1,False,False,False,False,,3,-2,-1,1,228.5399932861328,194.25899429321288,"Price:Trend Up (HH & HL) [No reversal (no lower low into the base - trend was not down)] | NewHigh:No | Vol:Volume contracting, price falling | MA:Fresh cross below EMA | MACD:MACD +1",,PKG,2026-09-28,228.5399932861328,1,False,False,False,False,,3,-2,-1,1,228.5399932861328,194.25899429321288,"Price:Trend Up (HH & HL) [No reversal (no lower low into the base - trend was not down)] | NewHigh:No | Vol:Volume contracting, price falling | MA:Fresh cross below EMA | MACD:MACD +1",
PM,,,,,,,,,,,,,,,,,,,,187.4600067138672,0.5999535543073975,2.331435505405488,20.578758221382245,21.792164241952182,26.011495762422904,2026-09-28,1,False,False,False,False,,0,-2,2,1,187.4600067138672,159.34100570678712,"Price:Sideways/Mixed [No reversal (no lower low into the base - trend was not down)] | NewHigh:No | Vol:Volume contracting, price falling | MA:Above EMA | MACD:MACD +1",,PM,2026-09-28,187.4600067138672,1,False,False,False,False,,0,-2,2,1,187.4600067138672,159.34100570678712,"Price:Sideways/Mixed [No reversal (no lower low into the base - trend was not down)] | NewHigh:No | Vol:Volume contracting, price falling | MA:Above EMA | MACD:MACD +1",
PNC,,,,,,,,,,,,,,,,,,,,221.02999877929688,-8.838574338513638,-12.002454747130308,6.048016352222896,15.0489946710477,17.5296564937595,2026-09-28,1,False,False,False,False,,3,-1,-2,1,221.02999877929688,187.87549896240233,"Price:Trend Up (HH & HL) [No reversal (no lower low into the base - trend was not down)] | NewHigh:No | Vol:Volume expanding, price falling | MA:Below EMA | MACD:MACD +1",,PNC,2026-09-28,221.02999877929688,1,False,False,False,False,,3,-1,-2,1,221.02999877929688,187.87549896240233,"Price:Trend Up (HH & HL) [No reversal (no lower low into the base - trend was not down)] | NewHigh:No | Vol:Volume expanding, price falling | MA:Below EMA | MACD:MACD +1",
RF,,,,,,,,,,,,,,,,,,,,27.100000381469727,-9.455395572504099,-10.187503006507082,4.4065190819119415,7.57605228690077,21.127060495384377,2026-09-28,1,False,False,False,False,,3,-1,-2,1,27.100000381469727,23.035000324249268,"Price:Trend Up (HH & HL) [No reversal (close has not cleared the high point)] | NewHigh:No | Vol:Volume expanding, price falling | MA:Below EMA | MACD:MACD +1",,RF,2026-09-28,27.100000381469727,1,False,False,False,False,,3,-1,-2,1,27.100000381469727,23.035000324249268,"Price:Trend Up (HH & HL) [No reversal (close has not cleared the high point)] | NewHigh:No | Vol:Volume expanding, price falling | MA:Below EMA | MACD:MACD +1",
RJF,,,,,,,,,,,,,,,,,,,,158.2100067138672,-9.774076038140379,-4.601577557025172,12.038262082057539,-3.2824966656859744,21.2046931160623,2026-09-28,1,False,False,False,False,,3,-1,-2,1,158.2100067138672,134.4785057067871,"Price:Trend Up (HH & HL) [No reversal (close has not cleared the high point)] | NewHigh:No | Vol:Volume expanding, price falling | MA:Below EMA | MACD:MACD +1",,RJF,2026-09-28,158.2100067138672,1,False,False,False,False,,3,-1,-2,1,158.2100067138672,134.4785057067871,"Price:Trend Up (HH & HL) [No reversal (close has not cleared the high point)] | NewHigh:No | Vol:Volume expanding, price falling | MA:Below EMA | MACD:MACD +1",
ROST,,,,,,,,,,,,,,,,,,,,228.5399932861328,-0.8093152479747734,8.337291750889285,4.296137415564361,50.419056592650556,24.48509805184432,2026-09-28,1,False,False,False,False,,0,-2,2,1,228.5399932861328,194.25899429321288,"Price:Sideways/Mixed [No reversal (second low not higher)] | NewHigh:No | Vol:Volume contracting, price falling | MA:Above EMA | MACD:MACD +1",,ROST,2026-09-28,228.5399932861328,1,False,False,False,False,,0,-2,2,1,228.5399932861328,194.25899429321288,"Price:Sideways/Mixed [No reversal (second low not higher)] | NewHigh:No | Vol:Volume contracting, price falling | MA:Above EMA | MACD:MACD +1",
RSG,,,,,,,,,,,,,,,,,,,,209.55999755859375,-5.5183575246468,-2.022302038482171,-5.526982102183142,-6.435173887326718,19.820193026008646,2026-09-28,1,False,False,False,False,,3,-1,-2,1,209.55999755859375,178.1259979248047,"Price:Trend Up (HH & HL) [No reversal (close has not cleared the high point)] | NewHigh:No | Vol:Volume expanding, price falling | MA:Below EMA | MACD:MACD +1",,RSG,2026-09-28,209.55999755859375,1,False,False,False,False,,3,-1,-2,1,209.55999755859375,178.1259979248047,"Price:Trend Up (HH & HL) [No reversal (close has not cleared the high point)] | NewHigh:No | Vol:Volume expanding, price falling | MA:Below EMA | MACD:MACD +1",
SBUX,,,,,,,,,,,,,,,,,,,,94.70999908447266,-11.253749998927653,-6.714268044094229,6.022310769902206,15.0792726711793,20.59450883037671,2026-09-28,1,False,False,False,False,,3,-1,-2,1,94.70999908447266,80.50349922180176,"Price:Trend Up (HH & HL) [No reversal (no lower low into the base - trend was not down)] | NewHigh:No | Vol:Volume expanding, price falling | MA:Below EMA | MACD:MACD +1",,SBUX,2026-09-28,94.70999908447266,1,False,False,False,False,,3,-1,-2,1,94.70999908447266,80.50349922180176,"Price:Trend Up (HH & HL) [No reversal (no lower low into the base - trend was not down)] | NewHigh:No | Vol:Volume expanding, price falling | MA:Below EMA | MACD:MACD +1",
SJM,,,,,,,,,,,,,,,,,,,,117.19000244140625,-10.841448368317252,5.936109338075535,25.276272732040184,12.43556960905099,27.136584255409996,2026-09-28,1,False,False,False,False,,0,-2,2,1,117.19000244140625,99.6115020751953,"Price:Sideways/Mixed [No reversal (second low not higher)] | NewHigh:No | Vol:Volume contracting, price falling | MA:Above EMA | MACD:MACD +1",,SJM,2026-09-28,117.19000244140625,1,False,False,False,False,,0,-2,2,1,117.19000244140625,99.6115020751953,"Price:Sideways/Mixed [No reversal (second low not higher)] | NewHigh:No | Vol:Volume contracting, price falling | MA:Above EMA | MACD:MACD +1",
SNA,,,,,,,,,,,,,,,,,,,,368.8999938964844,-3.071547479936332,-10.25849657537119,2.227192022160285,9.748204351972433,16.29167902426878,2026-09-28,1,False,False,False,False,,3,-1,-2,1,368.8999938964844,313.5649948120117,"Price:Trend Up (HH & HL) [No reversal (no rally high between the lows)] | NewHigh:No | Vol:Volume expanding, price falling | MA:Below EMA | MACD:MACD +1",,SNA,2026-09-28,368.8999938964844,1,False,False,False,False,,3,-1,-2,1,368.8999938964844,313.5649948120117,"Price:Trend Up (HH & HL) [No reversal (no rally high between the lows)] | NewHigh:No | Vol:Volume expanding, price falling | MA:Below EMA | MACD:MACD +1",
STLD,,,,,,,,,,,,,,,,,,,,231.99000549316406,-6.095368341526164,2.4113421003069124,29.341198315128025,66.29764130248957,36.69812547048581,2026-09-28,1,False,False,False,False,,0,-2,2,1,231.99000549316406,197.19150466918944,"Price:Sideways/Mixed [No reversal (close has not cleared the high point)] | NewHigh:No | Vol:Volume contracting, price falling | MA:Above EMA | MACD:MACD +1",,STLD,2026-09-28,231.99000549316406,1,False,False,False,False,,0,-2,2,1,231.99000549316406,197.19150466918944,"Price:Sideways/Mixed [No reversal (close has not cleared the high point)] | NewHigh:No | Vol:Volume contracting, price falling | MA:Above EMA | MACD:MACD +1",
SYY,,,,,,,,,,,,,,,,,,,,77.48999786376953,-4.5475566879833345,-7.346646637688692,10.397971074573743,-3.09562933888764,19.340189276688232,2026-09-28,1,False,False,False,False,,3,-1,-2,1,77.48999786376953,65.8664981842041,"Price:Trend Up (HH & HL) [No reversal (breakout already occurred in an earlier week)] | NewHigh:No | Vol:Volume expanding, price falling | MA:Below EMA | MACD:MACD +1",,SYY,2026-09-28,77.48999786376953,1,False,False,False,False,,3,-1,-2,1,77.48999786376953,65.8664981842041,"Price:Trend Up (HH & HL) [No reversal (breakout already occurred in an earlier week)] | NewHigh:No | Vol:Volume expanding, price falling | MA:Below EMA | MACD:MACD +1",
TDY,,,,,,,,,,,,,,,,,,,,617.1699829101562,1.7827689523948642,-5.7726951488706995,-0.9564652521871553,7.3208435581308295,19.74129819565117,2026-09-28,1,False,False,False,False,,0,1,-2,2,617.1699829101562,524.5944854736327,"Price:Sideways/Mixed [No reversal (second low not higher)] | NewHigh:No | Vol:Volume contracting, price rising | MA:Below EMA | MACD:MACD +2",,TDY,2026-09-28,617.1699829101562,1,False,False,False,False,,0,1,-2,2,617.1699829101562,524.5944854736327,"Price:Sideways/Mixed [No reversal (second low not higher)] | NewHigh:No | Vol:Volume contracting, price rising | MA:Below EMA | MACD:MACD +2",
ULTA,,,,,,,,,,,,,,,,,,,,543.6900024414062,-1.4590183665224576,20.15514468282329,1.1723306390592825,-2.221058929926467,32.09446763078046,2026-09-28,1,False,False,False,False,,0,-2,2,1,543.6900024414062,462.1365020751953,"Price:Sideways/Mixed [No reversal (second low not higher)] | NewHigh:No | Vol:Volume contracting, price falling | MA:Above EMA | MACD:MACD mixed +1",,ULTA,2026-09-28,543.6900024414062,1,False,False,False,False,,0,-2,2,1,543.6900024414062,462.1365020751953,"Price:Sideways/Mixed [No reversal (second low not higher)] | NewHigh:No | Vol:Volume contracting, price falling | MA:Above EMA | MACD:MACD mixed +1",
WELL,,,,,,,,,,,,,,,,,,,,227.7100067138672,-4.560119783318672,-1.7707550311935938,13.354390544809203,28.81171493076906,20.328174549059682,2026-09-28,1,False,False,False,False,,0,-2,2,1,227.7100067138672,193.5535057067871,"Price:Sideways/Mixed [No reversal (no lower low into the base - trend was not down)] | NewHigh:No | Vol:Volume contracting, price falling | MA:Above EMA | MACD:MACD +1",,WELL,2026-09-28,227.7100067138672,1,False,False,False,False,,0,-2,2,1,227.7100067138672,193.5535057067871,"Price:Sideways/Mixed [No reversal (no lower low into the base - trend was not down)] | NewHigh:No | Vol:Volume contracting, price falling | MA:Above EMA | MACD:MACD +1",
WFC,,,,,,,,,,,,,,,,,,,,80.44999694824219,-9.880138934125593,-7.476413366365953,0.9608703624004677,1.649980045461641,23.208906301201445,2026-09-28,1,False,False,False,False,,3,-1,-2,1,80.44999694824219,68.38249740600585,"Price:Trend Up (HH & HL) [No reversal (no rally high between the lows)] | NewHigh:No | Vol:Volume expanding, price falling | MA:Below EMA | MACD:MACD +1",,WFC,2026-09-28,80.44999694824219,1,False,False,False,False,,3,-1,-2,1,80.44999694824219,68.38249740600585,"Price:Trend Up (HH & HL) [No reversal (no rally high between the lows)] | NewHigh:No | Vol:Volume expanding, price falling | MA:Below EMA | MACD:MACD +1",
XYZ,,,,,,,,,,,,,,,,,,,,74.33000183105469,-9.859322512348733,-5.816011713615032,24.339249496265957,1.2670303621831414,36.38361427784208,2026-09-28,1,False,False,False,False,,3,-2,-1,1,74.33000183105469,63.180501556396486,"Price:Trend Up (HH & HL) [No reversal (no lower low into the base - trend was not down)] | NewHigh:No | Vol:Volume contracting, price falling | MA:Fresh cross below EMA | MACD:MACD +1",,XYZ,2026-09-28,74.33000183105469,1,False,False,False,False,,3,-2,-1,1,74.33000183105469,63.180501556396486,"Price:Trend Up (HH & HL) [No reversal (no lower low into the base - trend was not down)] | NewHigh:No | Vol:Volume contracting, price falling | MA:Fresh cross below EMA | MACD:MACD +1",
ZBH,,,,,,,,,,,,,,,,,,,,88.29000091552734,-11.032561782542793,-1.37857067983852,-2.345889903777465,-9.762947696907098,29.5263435209624,2026-09-28,1,False,False,False,False,,3,-1,-2,1,88.29000091552734,75.04650077819824,"Price:Trend Up (HH & HL) [No reversal (no rally high between the lows)] | NewHigh:No | Vol:Volume expanding, price falling | MA:Below EMA | MACD:MACD +1",,ZBH,2026-09-28,88.29000091552734,1,False,False,False,False,,3,-1,-2,1,88.29000091552734,75.04650077819824,"Price:Trend Up (HH & HL) [No reversal (no rally high between the lows)] | NewHigh:No | Vol:Volume expanding, price falling | MA:Below EMA | MACD:MACD +1",
AKAM,,,,,,,,,,,,,,,,,,,,108.91999816894531,3.6444970639643692,-3.3797614428563216,-7.694916805978547,43.61814798048389,57.08095693689028,2026-09-28,0,False,False,False,False,,0,2,-1,-1,108.91999816894531,92.58199844360351,"Price:Sideways/Mixed [No reversal (no rally high between the lows)] | NewHigh:No | Vol:Volume expanding, price rising | MA:Fresh cross below EMA | MACD:MACD mixed -1",,AKAM,2026-09-28,108.91999816894531,0,False,False,False,False,,0,2,-1,-1,108.91999816894531,92.58199844360351,"Price:Sideways/Mixed [No reversal (no rally high between the lows)] | NewHigh:No | Vol:Volume expanding, price rising | MA:Fresh cross below EMA | MACD:MACD mixed -1",
APA,,,,,,,,,,,,,,,,,,,,43.68000030517578,-2.2818801797635513,35.51274231270567,5.332687808850678,80.38083435223496,43.85848813421524,2026-09-28,0,False,False,False,False,,-3,-1,2,2,43.68000030517578,37.128000259399414,"Price:Trend Down (LL & LH) [No reversal (second low not higher)] | NewHigh:No | Vol:Volume expanding, price falling | MA:Above EMA | MACD:MACD +2",,APA,2026-09-28,43.68000030517578,0,False,False,False,False,,-3,-1,2,2,43.68000030517578,37.128000259399414,"Price:Trend Down (LL & LH) [No reversal (second low not higher)] | NewHigh:No | Vol:Volume expanding, price falling | MA:Above EMA | MACD:MACD +2",
CF,,,,,,,,,,,,,,,,,,,,115.01000213623047,-17.419402162700738,2.1224223296412825,-10.691275980509019,35.82116097942733,39.25924162871037,2026-09-28,0,False,False,False,False,,3,-2,-2,1,115.01000213623047,97.7585018157959,"Price:Trend Up (HH & HL) [No reversal (close has not cleared the high point)] | NewHigh:No | Vol:Volume contracting, price falling | MA:Below EMA | MACD:MACD +1",,CF,2026-09-28,115.01000213623047,0,False,False,False,False,,3,-2,-2,1,115.01000213623047,97.7585018157959,"Price:Trend Up (HH & HL) [No reversal (close has not cleared the high point)] | NewHigh:No | Vol:Volume contracting, price falling | MA:Below EMA | MACD:MACD +1",
CVX,,,,,,,,,,,,,,,,,,,,206.69000244140625,-2.4034358141606593,24.029633861933885,5.746318491239122,38.97953285164917,23.982978154130226,2026-09-28,0,False,False,False,False,,-3,-1,2,2,206.69000244140625,175.6865020751953,"Price:Trend Down (LL & LH) [No reversal (second low not higher)] | NewHigh:No | Vol:Volume expanding, price falling | MA:Above EMA | MACD:MACD +2",,CVX,2026-09-28,206.69000244140625,0,False,False,False,False,,-3,-1,2,2,206.69000244140625,175.6865020751953,"Price:Trend Down (LL & LH) [No reversal (second low not higher)] | NewHigh:No | Vol:Volume expanding, price falling | MA:Above EMA | MACD:MACD +2",
DLR,,,,,,,,,,,,,,,,,,,,178.5500030517578,-2.1689543051142013,3.497021999761718,-0.3946605569358108,7.123741395118044,33.56202506150826,2026-09-28,0,False,False,False,False,,3,-2,-2,1,178.5500030517578,151.76750259399412,"Price:Trend Up (HH & HL) [No reversal (no lower high into the base - trend was not down)] | NewHigh:No | Vol:Volume contracting, price falling | MA:Below EMA | MACD:MACD +1",,DLR,2026-09-28,178.5500030517578,0,False,False,False,False,,3,-2,-2,1,178.5500030517578,151.76750259399412,"Price:Trend Up (HH & HL) [No reversal (no lower high into the base - trend was not down)] | NewHigh:No | Vol:Volume contracting, price falling | MA:Below EMA | MACD:MACD +1",
DLTR,,,,,,,,,,,,,,,,,,,,112.16000366210938,-14.972329203014878,-7.656838047475489,3.430469510283496,24.18069535106153,33.275182902159685,2026-09-28,0,False,False,False,False,,3,-2,-2,1,112.16000366210938,95.33600311279297,"Price:Trend Up (HH & HL) [No reversal (close has not cleared the high point)] | NewHigh:No | Vol:Volume contracting, price falling | MA:Below EMA | MACD:MACD +1",,DLTR,2026-09-28,112.16000366210938,0,False,False,False,False,,3,-2,-2,1,112.16000366210938,95.33600311279297,"Price:Trend Up (HH & HL) [No reversal (close has not cleared the high point)] | NewHigh:No | Vol:Volume contracting, price falling | MA:Below EMA | MACD:MACD +1",
EW,,,,,,,,,,,,,,,,,,,,85.1500015258789,-6.243116260733084,-10.53792681985467,5.058603725780086,11.584332656409103,23.266553487543842,2026-09-28,0,False,False,False,False,,0,1,-2,1,85.1500015258789,72.37750129699707,"Price:Sideways/Mixed [No reversal (no lower low into the base - trend was not down)] | NewHigh:No | Vol:Volume contracting, price rising | MA:Below EMA | MACD:MACD +1",,EW,2026-09-28,85.1500015258789,0,False,False,False,False,,0,1,-2,1,85.1500015258789,72.37750129699707,"Price:Sideways/Mixed [No reversal (no lower low into the base - trend was not down)] | NewHigh:No | Vol:Volume contracting, price rising | MA:Below EMA | MACD:MACD +1",
FOXA,,,,,,,,,,,,,,,,,,,,62.279998779296875,-7.760660729102131,11.965555407194683,6.7129921340130405,1.5705479946347634,31.689885482093338,2026-09-28,0,False,False,False,False,,0,-1,-1,2,62.279998779296875,52.93799896240234,"Price:Sideways/Mixed [No reversal (second low not higher)] | NewHigh:No | Vol:Volume expanding, price falling | MA:Fresh cross below EMA | MACD:MACD +2",,FOXA,2026-09-28,62.279998779296875,0,False,False,False,False,,0,-1,-1,2,62.279998779296875,52.93799896240234,"Price:Sideways/Mixed [No reversal (second low not higher)] | NewHigh:No | Vol:Volume expanding, price falling | MA:Fresh cross below EMA | MACD:MACD +2",
JBL,,,,,,,,,,,,,,,,,,,,304.4100036621094,1.6767389585677028,-9.977005340692157,13.403291215886748,41.85489339238724,50.69947750568857,2026-09-28,0,False,False,False,False,,0,-1,-1,2,304.4100036621094,258.74850311279295,"Price:Sideways/Mixed [No reversal (close has not cleared the high point)] | NewHigh:No | Vol:Volume expanding, price falling | MA:Fresh cross below EMA | MACD:MACD +2",,JBL,2026-09-28,304.4100036621094,0,False,False,False,False,,0,-1,-1,2,304.4100036621094,258.74850311279295,"Price:Sideways/Mixed [No reversal (close has not cleared the high point)] | NewHigh:No | Vol:Volume expanding, price falling | MA:Fresh cross below EMA | MACD:MACD +2",
MOH,,,,,,,,,,,,,,,,,,,,189.5399932861328,-6.4554348762518305,-16.758895113548643,35.98793703981693,-1.6857721423209182,40.018374825282194,2026-09-28,0,False,False,False,False,,3,-2,-2,1,189.5399932861328,161.10899429321287,"Price:Trend Up (HH & HL) [No reversal (no lower low into the base - trend was not down)] | NewHigh:No | Vol:Volume contracting, price falling | MA:Below EMA | MACD:MACD +1",,MOH,2026-09-28,189.5399932861328,0,False,False,False,False,,3,-2,-2,1,189.5399932861328,161.10899429321287,"Price:Trend Up (HH & HL) [No reversal (no lower low into the base - trend was not down)] | NewHigh:No | Vol:Volume contracting, price falling | MA:Below EMA | MACD:MACD +1",
OMC,,,,,,,,,,,,,,,,,,,,74.1500015258789,-8.375164296083081,-6.242216788035493,1.2075356640076862,-0.29006094224203194,33.739065062709464,2026-09-28,0,False,False,False,False,,3,-2,-2,1,74.1500015258789,63.027501296997066,"Price:Trend Up (HH & HL) [No reversal (no rally high between the lows)] | NewHigh:No | Vol:Volume contracting, price falling | MA:Below EMA | MACD:MACD +1",,OMC,2026-09-28,74.1500015258789,0,False,False,False,False,,3,-2,-2,1,74.1500015258789,63.027501296997066,"Price:Trend Up (HH & HL) [No reversal (no rally high between the lows)] | NewHigh:No | Vol:Volume contracting, price falling | MA:Below EMA | MACD:MACD +1",
REGN,,,,,,,,,,,,,,,,,,,,735.2000122070312,-13.711960033410552,13.272876706660753,-3.241072092709796,23.173976874145332,31.109498689974636,2026-09-28,0,False,False,False,False,,0,-1,-1,2,735.2000122070312,624.9200103759765,"Price:Sideways/Mixed [No reversal (no rally high between the lows)] | NewHigh:No | Vol:Volume expanding, price falling | MA:Fresh cross below EMA | MACD:MACD +2",,REGN,2026-09-28,735.2000122070312,0,False,False,False,False,,0,-1,-1,2,735.2000122070312,624.9200103759765,"Price:Sideways/Mixed [No reversal (no rally high between the lows)] | NewHigh:No | Vol:Volume expanding, price falling | MA:Fresh cross below EMA | MACD:MACD +2",
UNP,,,,,,,,,,,,,,,,,,,,278.2799987792969,-3.9519593320871294,-1.068184419562046,14.83955899250966,21.046682468733046,21.162863448314027,2026-09-22,0,False,False,False,False,,0,-2,1,1,274.1000061035156,232.98500518798826,"Price:Sideways/Mixed [No reversal (no lower low into the base - trend was not down)] | NewHigh:No | Vol:Volume contracting, price falling | MA:Fresh cross above EMA | MACD:MACD +1",,UNP,2026-09-22,278.2799987792969,0,False,False,False,False,,0,-2,1,1,274.1000061035156,232.98500518798826,"Price:Sideways/Mixed [No reversal (no lower low into the base - trend was not down)] | NewHigh:No | Vol:Volume contracting, price falling | MA:Fresh cross above EMA | MACD:MACD +1",
AAON,,,,,,,,,,,,,,,,,,,,83.2699966430664,11.735351477521094,-23.752246260970555,2.550388149728322,-12.813885278445037,51.830214596750366,2026-09-28,-1,False,False,False,False,,0,2,-2,-1,83.2699966430664,70.77949714660645,"Price:Sideways/Mixed [No reversal (second low not higher)] | NewHigh:No | Vol:Volume expanding, price rising | MA:Below EMA | MACD:MACD -1",,AAON,2026-09-28,83.2699966430664,-1,False,False,False,False,,0,2,-2,-1,83.2699966430664,70.77949714660645,"Price:Sideways/Mixed [No reversal (second low not higher)] | NewHigh:No | Vol:Volume expanding, price rising | MA:Below EMA | MACD:MACD -1",
AMBA,,,,,,,,,,,,,,,,,,,,68.6500015258789,2.2490350758973543,-13.896903755857092,35.833004120084325,-19.31123642639455,69.28633930283395,2026-09-28,-1,False,False,False,False,,-3,2,-1,1,68.6500015258789,58.35250129699707,"Price:Trend Down (LL & LH) [No reversal (second low not higher)] | NewHigh:No | Vol:Volume expanding, price rising | MA:Fresh cross below EMA | MACD:MACD +1",,AMBA,2026-09-28,68.6500015258789,-1,False,False,False,False,,-3,2,-1,1,68.6500015258789,58.35250129699707,"Price:Trend Down (LL & LH) [No reversal (second low not higher)] | NewHigh:No | Vol:Volume expanding, price rising | MA:Fresh cross below EMA | MACD:MACD +1",
ARES,,,,,,,,,,,,,,,,,,,,117.55000305175781,-13.956093885529853,-2.493462812024594,17.14235708683436,-20.583754618328165,36.13020829282112,2026-09-28,-1,False,False,False,False,,3,-1,-2,-1,117.55000305175781,99.91750259399414,"Price:Trend Up (HH & HL) [No reversal (no lower low into the base - trend was not down)] | NewHigh:No | Vol:Volume expanding, price falling | MA:Below EMA | MACD:MACD mixed -1",,ARES,2026-09-28,117.55000305175781,-1,False,False,False,False,,3,-1,-2,-1,117.55000305175781,99.91750259399414,"Price:Trend Up (HH & HL) [No reversal (no lower low into the base - trend was not down)] | NewHigh:No | Vol:Volume expanding, price falling | MA:Below EMA | MACD:MACD mixed -1",
BX,,,,,,,,,,,,,,,,,,,,111.75,-18.323348912568772,-8.531884926981226,0.783698347764239,-30.82502490050424,35.19600730522782,2026-09-28,-1,False,False,False,False,,3,-1,-2,-1,111.75,94.9875,"Price:Trend Up (HH & HL) [No reversal (close has not cleared the high point)] | NewHigh:No | Vol:Volume expanding, price falling | MA:Below EMA | MACD:MACD mixed -1",,BX,2026-09-28,111.75,-1,False,False,False,False,,3,-1,-2,-1,111.75,94.9875,"Price:Trend Up (HH & HL) [No reversal (close has not cleared the high point)] | NewHigh:No | Vol:Volume expanding, price falling | MA:Below EMA | MACD:MACD mixed -1",
C,,,,,,,,,,,,,,,,,,,,128.5,-4.347176192562873,-10.22290611287444,12.593730329399166,32.9332307504828,27.309229349434823,2026-09-28,-1,False,False,False,False,,0,-1,-1,1,128.5,109.225,"Price:Sideways/Mixed [No reversal (no lower low into the base - trend was not down)] | NewHigh:No | Vol:Volume expanding, price falling | MA:Fresh cross below EMA | MACD:MACD +1",,C,2026-09-28,128.5,-1,False,False,False,False,,0,-1,-1,1,128.5,109.225,"Price:Sideways/Mixed [No reversal (no lower low into the base - trend was not down)] | NewHigh:No | Vol:Volume expanding, price falling | MA:Fresh cross below EMA | MACD:MACD +1",
CARR,,,,,,,,,,,,,,,,,,,,55.119998931884766,-4.272321675827328,-21.08671824013063,-0.3495845915746476,-5.873254077150392,31.23687565340163,2026-09-28,-1,False,False,False,False,,3,-1,-2,-1,55.119998931884766,46.85199909210205,"Price:Trend Up (HH & HL) [No reversal (no lower low into the base - trend was not down)] | NewHigh:No | Vol:Volume expanding, price falling | MA:Below EMA | MACD:MACD -1",,CARR,2026-09-28,55.119998931884766,-1,False,False,False,False,,3,-1,-2,-1,55.119998931884766,46.85199909210205,"Price:Trend Up (HH & HL) [No reversal (no lower low into the base - trend was not down)] | NewHigh:No | Vol:Volume expanding, price falling | MA:Below EMA | MACD:MACD -1",
CB,,,,,,,,,,,,,,,,,,,,330.8900146484375,-2.2186173245394514,-6.911172775756425,1.3995481696306378,18.6553016934633,20.691899420796446,2026-09-28,-1,False,False,False,False,,0,-1,-1,1,330.8900146484375,281.2565124511719,"Price:Sideways/Mixed [No reversal (second low not higher)] | NewHigh:No | Vol:Volume expanding, price falling | MA:Fresh cross below EMA | MACD:MACD +1",,CB,2026-09-28,330.8900146484375,-1,False,False,False,False,,0,-1,-1,1,330.8900146484375,281.2565124511719,"Price:Sideways/Mixed [No reversal (second low not higher)] | NewHigh:No | Vol:Volume expanding, price falling | MA:Fresh cross below EMA | MACD:MACD +1",
CBOE,,,,,,,,,,,,,,,,,,,,271.260009765625,-7.772332969900364,10.989694806209549,-5.989426696823729,13.117001386116733,38.14815448197406,2026-09-28,-1,False,False,False,False,,3,-1,-2,-1,271.260009765625,230.57100830078124,"Price:Trend Up (HH & HL) [No reversal (close has not cleared the high point)] | NewHigh:No | Vol:Volume expanding, price falling | MA:Below EMA | MACD:MACD mixed -1",,CBOE,2026-09-28,271.260009765625,-1,False,False,False,False,,3,-1,-2,-1,271.260009765625,230.57100830078124,"Price:Trend Up (HH & HL) [No reversal (close has not cleared the high point)] | NewHigh:No | Vol:Volume expanding, price falling | MA:Below EMA | MACD:MACD mixed -1",
CCL,,,,,,,,,,,,,,,,,,,,25.760000228881836,8.50884784009638,-5.870895320997693,1.6127997139782524,-7.708206243267657,43.54878568433236,2026-09-28,-1,False,False,False,False,,0,2,-2,-1,25.760000228881836,21.89600019454956,"Price:Sideways/Mixed [No reversal (no lower low into the base - trend was not down)] | NewHigh:No | Vol:Volume expanding, price rising | MA:Below EMA | MACD:MACD -1",,CCL,2026-09-28,25.760000228881836,-1,False,False,False,False,,0,2,-2,-1,25.760000228881836,21.89600019454956,"Price:Sideways/Mixed [No reversal (no lower low into the base - trend was not down)] | NewHigh:No | Vol:Volume expanding, price rising | MA:Below EMA | MACD:MACD -1",
CL,,,,,,,,,,,,,,,,,,,,84.26000213623047,-6.481683059703947,-9.258963018687227,0.15235787896359376,9.311546102188494,19.358042503735867,2026-09-28,-1,False,False,False,False,,3,-1,-2,-1,84.26000213623047,71.62100181579589,"Price:Trend Up (HH & HL) [No reversal (no lower low into the base - trend was not down)] | NewHigh:No | Vol:Volume expanding, price falling | MA:Below EMA | MACD:MACD mixed -1",,CL,2026-09-28,84.26000213623047,-1,False,False,False,False,,3,-1,-2,-1,84.26000213623047,71.62100181579589,"Price:Trend Up (HH & HL) [No reversal (no lower low into the base - trend was not down)] | NewHigh:No | Vol:Volume expanding, price falling | MA:Below EMA | MACD:MACD mixed -1",
CMI,,,,,,,,,,,,,,,,,,,,528.3200073242188,-4.098750424609232,-21.81432245739461,-3.225133842534589,26.232208481595997,27.6331642131218,2026-09-28,-1,False,False,False,False,,3,-1,-2,-1,528.3200073242188,449.07200622558594,"Price:Trend Up (HH & HL) [No reversal (no lower high into the base - trend was not down)] | NewHigh:No | Vol:Volume expanding, price falling | MA:Below EMA | MACD:MACD mixed -1",,CMI,2026-09-28,528.3200073242188,-1,False,False,False,False,,3,-1,-2,-1,528.3200073242188,449.07200622558594,"Price:Trend Up (HH & HL) [No reversal (no lower high into the base - trend was not down)] | NewHigh:No | Vol:Volume expanding, price falling | MA:Below EMA | MACD:MACD mixed -1",
COIN,,,,,,,,,,,,,,,,,,,,183.0,4.5953320631048955,8.367386327575232,6.73042857474675,-47.135802379889654,75.48058706195012,2026-09-28,-1,False,False,False,False,,-3,2,2,-2,183.0,155.54999999999998,"Price:Trend Down (LL & LH) [No reversal (second low not higher)] | NewHigh:No | Vol:Volume expanding, price rising | MA:Above EMA | MACD:MACD -2",,COIN,2026-09-28,183.0,-1,False,False,False,False,,-3,2,2,-2,183.0,155.54999999999998,"Price:Trend Down (LL & LH) [No reversal (second low not higher)] | NewHigh:No | Vol:Volume expanding, price rising | MA:Above EMA | MACD:MACD -2",
CTVA,,,,,,,,,,,,,,,,,,,,11.920000076293945,-86.75113936360488,-86.17269669621619,-85.99000877519731,-80.42622966839323,170.8652371701749,2026-09-28,-1,False,False,False,False,,3,-1,-2,-1,11.920000076293945,10.132000064849853,"Price:Trend Up (HH & HL) [No reversal (no lower high into the base - trend was not down)] | NewHigh:No | Vol:Volume expanding, price falling | MA:Below EMA | MACD:MACD mixed -1",,CTVA,2026-09-28,11.920000076293945,-1,False,False,False,False,,3,-1,-2,-1,11.920000076293945,10.132000064849853,"Price:Trend Up (HH & HL) [No reversal (no lower high into the base - trend was not down)] | NewHigh:No | Vol:Volume expanding, price falling | MA:Below EMA | MACD:MACD mixed -1",
DOV,,,,,,,,,,,,,,,,,,,,189.69000244140625,0.41821523051757126,-11.431230506839796,-7.167639096495659,15.163347009195638,25.322240450791593,2026-09-28,-1,False,False,False,False,,0,2,-2,-1,189.69000244140625,161.23650207519532,"Price:Sideways/Mixed [No reversal (second low not higher)] | NewHigh:No | Vol:Volume expanding, price rising | MA:Below EMA | MACD:MACD -1",,DOV,2026-09-28,189.69000244140625,-1,False,False,False,False,,0,2,-2,-1,189.69000244140625,161.23650207519532,"Price:Sideways/Mixed [No reversal (second low not higher)] | NewHigh:No | Vol:Volume expanding, price rising | MA:Below EMA | MACD:MACD -1",
EBAY,,,,,,,,,,,,,,,,,,,,106.4000015258789,-0.2811578546799809,-6.11110617410019,13.681082673484358,23.03718784059827,31.14723988207335,2026-09-28,-1,False,False,False,False,,-3,-1,2,1,106.4000015258789,90.44000129699707,"Price:Trend Down (LL & LH) [No reversal (second low not higher)] | NewHigh:No | Vol:Volume expanding, price falling | MA:Above EMA | MACD:MACD +1",,EBAY,2026-09-28,106.4000015258789,-1,False,False,False,False,,-3,-1,2,1,106.4000015258789,90.44000129699707,"Price:Trend Down (LL & LH) [No reversal (second low not higher)] | NewHigh:No | Vol:Volume expanding, price falling | MA:Above EMA | MACD:MACD +1",
EIX,,,,,,,,,,,,,,,,,,,,53.88999938964844,-2.3554978608595567,-27.138259028689603,-24.873166093388043,1.0303176629236077,60.654294286191615,2026-09-28,-1,False,False,False,False,,3,-1,-2,-1,53.88999938964844,45.80649948120117,"Price:Trend Up (HH & HL) [No reversal (no lower high into the base - trend was not down)] | NewHigh:No | Vol:Volume expanding, price falling | MA:Below EMA | MACD:MACD -1",,EIX,2026-09-28,53.88999938964844,-1,False,False,False,False,,3,-1,-2,-1,53.88999938964844,45.80649948120117,"Price:Trend Up (HH & HL) [No reversal (no lower high into the base - trend was not down)] | NewHigh:No | Vol:Volume expanding, price falling | MA:Below EMA | MACD:MACD -1",
ES,,,,,,,,,,,,,,,,,,,,64.5,-7.3546792377526256,-10.884389380307091,-4.94595312658287,-5.753267058518596,17.763437581655094,2026-09-28,-1,False,False,False,False,,3,-1,-2,-1,64.5,54.824999999999996,"Price:Trend Up (HH & HL) [No reversal (no lower low into the base - trend was not down)] | NewHigh:No | Vol:Volume expanding, price falling | MA:Below EMA | MACD:MACD mixed -1",,ES,2026-09-28,64.5,-1,False,False,False,False,,3,-1,-2,-1,64.5,54.824999999999996,"Price:Trend Up (HH & HL) [No reversal (no lower low into the base - trend was not down)] | NewHigh:No | Vol:Volume expanding, price falling | MA:Below EMA | MACD:MACD mixed -1",
EXR,,,,,,,,,,,,,,,,,,,,133.25,-3.6541525262911656,-7.748225277724396,1.8098894424087408,-1.1241227026318246,19.61630306759144,2026-09-28,-1,False,False,False,False,,3,-1,-2,-1,133.25,113.2625,"Price:Trend Up (HH & HL) [No reversal (no lower low into the base - trend was not down)] | NewHigh:No | Vol:Volume expanding, price falling | MA:Below EMA | MACD:MACD mixed -1",,EXR,2026-09-28,133.25,-1,False,False,False,False,,3,-1,-2,-1,133.25,113.2625,"Price:Trend Up (HH & HL) [No reversal (no lower low into the base - trend was not down)] | NewHigh:No | Vol:Volume expanding, price falling | MA:Below EMA | MACD:MACD mixed -1",
HSIC,,,,,,,,,,,,,,,,,,,,84.87999725341797,-6.095809462812629,-2.0087802331924087,14.79577285743412,29.3902427252384,19.799255370505335,2026-09-28,-1,False,False,False,False,,-3,-1,2,1,84.87999725341797,72.14799766540527,"Price:Trend Down (LL & LH) [No reversal (second low not higher)] | NewHigh:No | Vol:Volume expanding, price falling | MA:Above EMA | MACD:MACD +1",,HSIC,2026-09-28,84.87999725341797,-1,False,False,False,False,,-3,-1,2,1,84.87999725341797,72.14799766540527,"Price:Trend Down (LL & LH) [No reversal (second low not higher)] | NewHigh:No | Vol:Volume expanding, price falling | MA:Above EMA | MACD:MACD +1",
INCY,,,,,,,,,,,,,,,,,,,,115.30000305175781,-10.502211120853566,-0.27676845461213073,20.191809324467336,32.98732077302049,31.65002667701126,2026-09-28,-1,False,False,False,False,,-3,-1,2,1,115.30000305175781,98.00500259399413,"Price:Trend Down (LL & LH) [No reversal (no rally high between the lows)] | NewHigh:No | Vol:Volume expanding, price falling | MA:Above EMA | MACD:MACD +1",,INCY,2026-09-28,115.30000305175781,-1,False,False,False,False,,-3,-1,2,1,115.30000305175781,98.00500259399413,"Price:Trend Down (LL & LH) [No reversal (no rally high between the lows)] | NewHigh:No | Vol:Volume expanding, price falling | MA:Above EMA | MACD:MACD +1",
INVH,,,,,,,,,,,,,,,,,,,,26.040000915527344,-8.69155908256969,-12.280631866578528,4.119808484578558,-6.149902674706398,16.110188143271834,2026-09-28,-1,False,False,False,False,,3,-1,-2,-1,26.040000915527344,22.134000778198242,"Price:Trend Up (HH & HL) [No reversal (no rally high between the lows)] | NewHigh:No | Vol:Volume expanding, price falling | MA:Below EMA | MACD:MACD mixed -1",,INVH,2026-09-28,26.040000915527344,-1,False,False,False,False,,3,-1,-2,-1,26.040000915527344,22.134000778198242,"Price:Trend Up (HH & HL) [No reversal (no rally high between the lows)] | NewHigh:No | Vol:Volume expanding, price falling | MA:Below EMA | MACD:MACD mixed -1",
ITW,,,,,,,,,,,,,,,,,,,,262.9200134277344,-1.6595717674528943,-3.516866422574061,3.1047585777839393,3.740066163264566,21.932391210877316,2026-09-28,-1,False,False,False,False,,0,-1,-1,1,262.9200134277344,223.4820114135742,"Price:Sideways/Mixed [No reversal (second low not higher)] | NewHigh:No | Vol:Volume expanding, price falling | MA:Fresh cross below EMA | MACD:MACD +1",,ITW,2026-09-28,262.9200134277344,-1,False,False,False,False,,0,-1,-1,1,262.9200134277344,223.4820114135742,"Price:Sideways/Mixed [No reversal (second low not higher)] | NewHigh:No | Vol:Volume expanding, price falling | MA:Fresh cross below EMA | MACD:MACD +1",
KMB,,,,,,,,,,,,,,,,,,,,94.36000061035156,-12.62486397036695,-15.501033660952512,0.7010424241358448,-19.50778515163024,25.032250288768264,2026-09-28,-1,False,False,False,False,,3,-1,-2,-1,94.36000061035156,80.20600051879883,"Price:Trend Up (HH & HL) [No reversal (no lower high into the base - trend was not down)] | NewHigh:No | Vol:Volume expanding, price falling | MA:Below EMA | MACD:MACD mixed -1",,KMB,2026-09-28,94.36000061035156,-1,False,False,False,False,,3,-1,-2,-1,94.36000061035156,80.20600051879883,"Price:Trend Up (HH & HL) [No reversal (no lower high into the base - trend was not down)] | NewHigh:No | Vol:Volume expanding, price falling | MA:Below EMA | MACD:MACD mixed -1",
LII,,,,,,,,,,,,,,,,,,,,356.29998779296875,-4.371520740309065,-37.033359288902965,-21.144724274218685,-32.87357122799707,49.982910784715735,2026-09-28,-1,False,False,False,False,,3,-1,-2,-1,356.29998779296875,302.8549896240234,"Price:Trend Up (HH & HL) [No reversal (close has not cleared the high point)] | NewHigh:No | Vol:Volume expanding, price falling | MA:Below EMA | MACD:MACD -1",,LII,2026-09-28,356.29998779296875,-1,False,False,False,False,,3,-1,-2,-1,356.29998779296875,302.8549896240234,"Price:Trend Up (HH & HL) [No reversal (close has not cleared the high point)] | NewHigh:No | Vol:Volume expanding, price falling | MA:Below EMA | MACD:MACD -1",
LIN,,,,,,,,,,,,,,,,,,,,479.4800109863281,-1.31110942772934,-11.00070444459449,-3.9832384406315757,4.107548638317926,19.023750522422905,2026-09-28,-1,False,False,False,False,,0,2,-2,-1,479.4800109863281,407.5580093383789,"Price:Sideways/Mixed [No reversal (second low not higher)] | NewHigh:No | Vol:Volume expanding, price rising | MA:Below EMA | MACD:MACD mixed -1",,LIN,2026-09-28,479.4800109863281,-1,False,False,False,False,,0,2,-2,-1,479.4800109863281,407.5580093383789,"Price:Sideways/Mixed [No reversal (second low not higher)] | NewHigh:No | Vol:Volume expanding, price rising | MA:Below EMA | MACD:MACD mixed -1",
LNT,,,,,,,,,,,,,,,,,,,,64.33000183105469,-5.033947653161452,-15.357554933665218,-10.357674691905283,-1.1615003207732233,16.647723140413554,2026-09-28,-1,False,False,False,False,,3,-1,-2,-1,64.33000183105469,54.680501556396486,"Price:Trend Up (HH & HL) [No reversal (no lower low into the base - trend was not down)] | NewHigh:No | Vol:Volume expanding, price falling | MA:Below EMA | MACD:MACD -1",,LNT,2026-09-28,64.33000183105469,-1,False,False,False,False,,3,-1,-2,-1,64.33000183105469,54.680501556396486,"Price:Trend Up (HH & HL) [No reversal (no lower low into the base - trend was not down)] | NewHigh:No | Vol:Volume expanding, price falling | MA:Below EMA | MACD:MACD -1",
NCLH,,,,,,,,,,,,,,,,,,,,15.140000343322754,-2.7617171479098035,-21.391484094485257,-20.02112995643628,-37.41215374506989,44.76274126304611,2026-09-28,-1,False,False,False,False,,0,2,-2,-1,15.140000343322754,12.86900029182434,"Price:Sideways/Mixed [No reversal (close has not cleared the high point)] | NewHigh:No | Vol:Volume expanding, price rising | MA:Below EMA | MACD:MACD -1",,NCLH,2026-09-28,15.140000343322754,-1,False,False,False,False,,0,2,-2,-1,15.140000343322754,12.86900029182434,"Price:Sideways/Mixed [No reversal (close has not cleared the high point)] | NewHigh:No | Vol:Volume expanding, price rising | MA:Below EMA | MACD:MACD -1",
NDAQ,,,,,,,,,,,,,,,,,,,,90.33000183105469,-5.3119812385551075,7.298890038732697,4.974548863070827,5.3068647832146265,24.400882646322483,2026-09-28,-1,False,False,False,False,,0,-1,-1,1,90.33000183105469,76.78050155639649,"Price:Sideways/Mixed [No reversal (second low not higher)] | NewHigh:No | Vol:Volume expanding, price falling | MA:Fresh cross below EMA | MACD:MACD +1",,NDAQ,2026-09-28,90.33000183105469,-1,False,False,False,False,,0,-1,-1,1,90.33000183105469,76.78050155639649,"Price:Sideways/Mixed [No reversal (second low not higher)] | NewHigh:No | Vol:Volume expanding, price falling | MA:Fresh cross below EMA | MACD:MACD +1",
NI,,,,,,,,,,,,,,,,,,,,39.43000030517578,-4.179832702123787,-15.633968852028568,-15.891920094729162,-5.999484905662433,17.29791994606347,2026-09-28,-1,False,False,False,False,,3,-1,-2,-1,39.43000030517578,33.51550025939941,"Price:Trend Up (HH & HL) [No reversal (no lower low into the base - trend was not down)] | NewHigh:No | Vol:Volume expanding, price falling | MA:Below EMA | MACD:MACD -1",,NI,2026-09-28,39.43000030517578,-1,False,False,False,False,,3,-1,-2,-1,39.43000030517578,33.51550025939941,"Price:Trend Up (HH & HL) [No reversal (no lower low into the base - trend was not down)] | NewHigh:No | Vol:Volume expanding, price falling | MA:Below EMA | MACD:MACD -1",
NXPI,,,,,,,,,,,,,,,,,,,,243.66000366210938,7.114419664430094,-12.745909410064392,26.233197433486577,10.250221056205056,40.209833132740954,2026-09-28,-1,False,False,False,False,,0,2,-2,-1,243.66000366210938,207.11100311279296,"Price:Sideways/Mixed [No reversal (no lower high into the base - trend was not down)] | NewHigh:No | Vol:Volume expanding, price rising | MA:Below EMA | MACD:MACD -1",,NXPI,2026-09-28,243.66000366210938,-1,False,False,False,False,,0,2,-2,-1,243.66000366210938,207.11100311279296,"Price:Sideways/Mixed [No reversal (no lower high into the base - trend was not down)] | NewHigh:No | Vol:Volume expanding, price rising | MA:Below EMA | MACD:MACD -1",
O,,,,,,,,,,,,,,,,,,,,54.130001068115234,-11.54741309693873,-13.169776727781535,-10.64771497299537,-5.534754644821693,15.069328861415809,2026-09-28,-1,False,False,False,False,,3,-1,-2,-1,54.130001068115234,46.01050090789795,"Price:Trend Up (HH & HL) [No reversal (no lower low into the base - trend was not down)] | NewHigh:No | Vol:Volume expanding, price falling | MA:Below EMA | MACD:MACD mixed -1",,O,2026-09-28,54.130001068115234,-1,False,False,False,False,,3,-1,-2,-1,54.130001068115234,46.01050090789795,"Price:Trend Up (HH & HL) [No reversal (no lower low into the base - trend was not down)] | NewHigh:No | Vol:Volume expanding, price falling | MA:Below EMA | MACD:MACD mixed -1",
ODFL,,,,,,,,,,,,,,,,,,,,180.47999572753906,-3.8004396671906915,-16.484794651270263,-8.591197999567834,30.42346391039592,30.876664605360183,2026-09-28,-1,False,False,False,False,,0,2,-2,-1,180.47999572753906,153.4079963684082,"Price:Sideways/Mixed [No reversal (no lower low into the base - trend was not down)] | NewHigh:No | Vol:Volume expanding, price rising | MA:Below EMA | MACD:MACD mixed -1",,ODFL,2026-09-28,180.47999572753906,-1,False,False,False,False,,0,2,-2,-1,180.47999572753906,153.4079963684082,"Price:Sideways/Mixed [No reversal (no lower low into the base - trend was not down)] | NewHigh:No | Vol:Volume expanding, price rising | MA:Below EMA | MACD:MACD mixed -1",
OXY,,,,,,,,,,,,,,,,,,,,58.08000183105469,-4.208651954687037,19.538025394753667,-6.914386718870125,24.13344064974259,35.3432497040254,2026-09-28,-1,False,False,False,False,,-3,-1,2,1,58.08000183105469,49.368001556396486,"Price:Trend Down (LL & LH) [No reversal (second low not higher)] | NewHigh:No | Vol:Volume expanding, price falling | MA:Above EMA | MACD:MACD +1",,OXY,2026-09-28,58.08000183105469,-1,False,False,False,False,,-3,-1,2,1,58.08000183105469,49.368001556396486,"Price:Trend Down (LL & LH) [No reversal (second low not higher)] | NewHigh:No | Vol:Volume expanding, price falling | MA:Above EMA | MACD:MACD +1",
PNW,,,,,,,,,,,,,,,,,,,,95.91999816894531,-1.4992802686913276,-9.463879710003308,-4.916832651959824,12.989090163982308,15.774684787146928,2026-09-28,-1,False,False,False,False,,3,-1,-2,-1,95.91999816894531,81.53199844360351,"Price:Trend Up (HH & HL) [No reversal (no lower low into the base - trend was not down)] | NewHigh:No | Vol:Volume expanding, price falling | MA:Below EMA | MACD:MACD mixed -1",,PNW,2026-09-28,95.91999816894531,-1,False,False,False,False,,3,-1,-2,-1,95.91999816894531,81.53199844360351,"Price:Trend Up (HH & HL) [No reversal (no lower low into the base - trend was not down)] | NewHigh:No | Vol:Volume expanding, price falling | MA:Below EMA | MACD:MACD mixed -1",
PPG,,,,,,,,,,,,,,,,,,,,105.1500015258789,-5.534090528995128,-14.701722611380175,3.1516893793334777,3.662011302603374,28.605380667062647,2026-09-28,-1,False,False,False,False,,3,-1,-2,-1,105.1500015258789,89.37750129699707,"Price:Trend Up (HH & HL) [No reversal (no lower low into the base - trend was not down)] | NewHigh:No | Vol:Volume expanding, price falling | MA:Below EMA | MACD:MACD mixed -1",,PPG,2026-09-28,105.1500015258789,-1,False,False,False,False,,3,-1,-2,-1,105.1500015258789,89.37750129699707,"Price:Trend Up (HH & HL) [No reversal (no lower low into the base - trend was not down)] | NewHigh:No | Vol:Volume expanding, price falling | MA:Below EMA | MACD:MACD mixed -1",
PSA,,,,,,,,,,,,,,,,,,,,283.80999755859375,-4.847875979042948,-11.505593771439937,3.2229027124425436,1.677346927797707,20.743149523080753,2026-09-28,-1,False,False,False,False,,3,-1,-2,-1,283.80999755859375,241.23849792480468,"Price:Trend Up (HH & HL) [No reversal (no rally high between the lows)] | NewHigh:No | Vol:Volume expanding, price falling | MA:Below EMA | MACD:MACD mixed -1",,PSA,2026-09-28,283.80999755859375,-1,False,False,False,False,,3,-1,-2,-1,283.80999755859375,241.23849792480468,"Price:Trend Up (HH & HL) [No reversal (no rally high between the lows)] | NewHigh:No | Vol:Volume expanding, price falling | MA:Below EMA | MACD:MACD mixed -1",
RBC,,,,,,,,,,,,,,,,,,,,515.5599975585938,5.025562177675225,-15.426506199734359,-5.938586900964937,33.981292597123705,26.753929397323343,2026-09-28,-1,False,False,False,False,,0,2,-2,-1,515.5599975585938,438.2259979248047,"Price:Sideways/Mixed [No reversal (second low not higher)] | NewHigh:No | Vol:Volume expanding, price rising | MA:Below EMA | MACD:MACD -1",,RBC,2026-09-28,515.5599975585938,-1,False,False,False,False,,0,2,-2,-1,515.5599975585938,438.2259979248047,"Price:Sideways/Mixed [No reversal (second low not higher)] | NewHigh:No | Vol:Volume expanding, price rising | MA:Below EMA | MACD:MACD -1",
REG,,,,,,,,,,,,,,,,,,,,71.5999984741211,-4.596921892065753,-9.41247752386225,-5.1595367379708375,3.413756846037197,13.705873095242394,2026-09-28,-1,False,False,False,False,,3,-1,-2,-1,71.5999984741211,60.85999870300293,"Price:Trend Up (HH & HL) [No reversal (no lower low into the base - trend was not down)] | NewHigh:No | Vol:Volume expanding, price falling | MA:Below EMA | MACD:MACD mixed -1",,REG,2026-09-28,71.5999984741211,-1,False,False,False,False,,3,-1,-2,-1,71.5999984741211,60.85999870300293,"Price:Trend Up (HH & HL) [No reversal (no lower low into the base - trend was not down)] | NewHigh:No | Vol:Volume expanding, price falling | MA:Below EMA | MACD:MACD mixed -1",
SHW,,,,,,,,,,,,,,,,,,,,319.510009765625,-3.54414799528302,-8.272414974360231,0.9681937340279889,-5.474226281959671,31.12293816268264,2026-09-28,-1,False,False,False,False,,3,-1,-2,-1,319.510009765625,271.58350830078126,"Price:Trend Up (HH & HL) [No reversal (no rally high between the lows)] | NewHigh:No | Vol:Volume expanding, price falling | MA:Below EMA | MACD:MACD mixed -1",,SHW,2026-09-28,319.510009765625,-1,False,False,False,False,,3,-1,-2,-1,319.510009765625,271.58350830078126,"Price:Trend Up (HH & HL) [No reversal (no rally high between the lows)] | NewHigh:No | Vol:Volume expanding, price falling | MA:Below EMA | MACD:MACD mixed -1",
TIPT,,,,,,,,,,,,,,,,,,,,17.350000381469727,-5.70651771102818,-4.5097842231560215,4.242326244301209,-6.233074035529274,20.739430588486425,2026-09-28,-1,False,False,False,False,,3,-1,-2,-1,17.350000381469727,14.747500324249268,"Price:Trend Up (HH & HL) [No reversal (close has not cleared the high point)] | NewHigh:No | Vol:Volume expanding, price falling | MA:Below EMA | MACD:MACD mixed -1",,TIPT,2026-09-28,17.350000381469727,-1,False,False,False,False,,3,-1,-2,-1,17.350000381469727,14.747500324249268,"Price:Trend Up (HH & HL) [No reversal (close has not cleared the high point)] | NewHigh:No | Vol:Volume expanding, price falling | MA:Below EMA | MACD:MACD mixed -1",
TJX,,,,,,,,,,,,,,,,,,,,132.67999267578125,1.0433288726368062,-12.035805942764355,-17.20839323089193,-6.943795345860593,22.536712556192306,2026-09-28,-1,False,False,False,False,,0,2,-2,-1,132.67999267578125,112.77799377441406,"Price:Sideways/Mixed [No reversal (no lower high into the base - trend was not down)] | NewHigh:No | Vol:Volume expanding, price rising | MA:Below EMA | MACD:MACD -1",,TJX,2026-09-28,132.67999267578125,-1,False,False,False,False,,0,2,-2,-1,132.67999267578125,112.77799377441406,"Price:Sideways/Mixed [No reversal (no lower high into the base - trend was not down)] | NewHigh:No | Vol:Volume expanding, price rising | MA:Below EMA | MACD:MACD -1",
TPR,,,,,,,,,,,,,,,,,,,,118.12000274658203,-3.713033186305359,-18.50452555974028,-15.788694157380279,5.1050495514702865,45.66137868411033,2026-09-28,-1,False,False,False,False,,3,-1,-2,-1,118.12000274658203,100.40200233459473,"Price:Trend Up (HH & HL) [No reversal (close has not cleared the high point)] | NewHigh:No | Vol:Volume expanding, price falling | MA:Below EMA | MACD:MACD -1",,TPR,2026-09-28,118.12000274658203,-1,False,False,False,False,,3,-1,-2,-1,118.12000274658203,100.40200233459473,"Price:Trend Up (HH & HL) [No reversal (close has not cleared the high point)] | NewHigh:No | Vol:Volume expanding, price falling | MA:Below EMA | MACD:MACD -1",
TXT,,,,,,,,,,,,,,,,,,,,77.26000213623047,-2.474102717748372,-17.647570199785466,-12.21350864816253,-9.246907697523476,26.096636341963418,2026-09-28,-1,False,False,False,False,,3,-1,-2,-1,77.26000213623047,65.67100181579589,"Price:Trend Up (HH & HL) [No reversal (no lower low into the base - trend was not down)] | NewHigh:No | Vol:Volume expanding, price falling | MA:Below EMA | MACD:MACD -1",,TXT,2026-09-28,77.26000213623047,-1,False,False,False,False,,3,-1,-2,-1,77.26000213623047,65.67100181579589,"Price:Trend Up (HH & HL) [No reversal (no lower low into the base - trend was not down)] | NewHigh:No | Vol:Volume expanding, price falling | MA:Below EMA | MACD:MACD -1",
UDR,,,,,,,,,,,,,,,,,,,,33.27000045776367,-8.699226916605419,-17.833477696176292,-1.6238576214703926,-5.487318613833381,17.870531139316537,2026-09-28,-1,False,False,False,False,,3,-1,-2,-1,33.27000045776367,28.27950038909912,"Price:Trend Up (HH & HL) [No reversal (no rally high between the lows)] | NewHigh:No | Vol:Volume expanding, price falling | MA:Below EMA | MACD:MACD mixed -1",,UDR,2026-09-28,33.27000045776367,-1,False,False,False,False,,3,-1,-2,-1,33.27000045776367,28.27950038909912,"Price:Trend Up (HH & HL) [No reversal (no rally high between the lows)] | NewHigh:No | Vol:Volume expanding, price falling | MA:Below EMA | MACD:MACD mixed -1",
UHS,,,,,,,,,,,,,,,,,,,,175.72000122070312,4.913723480578036,11.310702513859972,-0.3003460056630436,-13.279300257383674,30.166325292783807,2026-09-28,-1,False,False,False,False,,-3,2,2,-2,175.72000122070312,149.36200103759765,"Price:Trend Down (LL & LH) [No reversal (second low not higher)] | NewHigh:No | Vol:Volume expanding, price rising | MA:Above EMA | MACD:MACD -2",,UHS,2026-09-28,175.72000122070312,-1,False,False,False,False,,-3,2,2,-2,175.72000122070312,149.36200103759765,"Price:Trend Down (LL & LH) [No reversal (second low not higher)] | NewHigh:No | Vol:Volume expanding, price rising | MA:Above EMA | MACD:MACD -2",
UPS,,,,,,,,,,,,,,,,,,,,93.0199966430664,-9.698092695845506,-14.103697643859181,-2.1225024807912773,17.48051509318462,29.30874845188926,2026-09-28,-1,False,False,False,False,,3,-1,-2,-1,93.0199966430664,79.06699714660644,"Price:Trend Up (HH & HL) [No reversal (no lower low into the base - trend was not down)] | NewHigh:No | Vol:Volume expanding, price falling | MA:Below EMA | MACD:MACD mixed -1",,UPS,2026-09-28,93.0199966430664,-1,False,False,False,False,,3,-1,-2,-1,93.0199966430664,79.06699714660644,"Price:Trend Up (HH & HL) [No reversal (no lower low into the base - trend was not down)] | NewHigh:No | Vol:Volume expanding, price falling | MA:Below EMA | MACD:MACD mixed -1",
VMC,,,,,,,,,,,,,,,,,,,,243.05999755859375,-7.907398058705962,-20.118217083225055,-12.821302601069007,-18.818586027271433,27.933815195593798,2026-09-28,-1,False,False,False,False,,3,-1,-2,-1,243.05999755859375,206.6009979248047,"Price:Trend Up (HH & HL) [No reversal (no lower low into the base - trend was not down)] | NewHigh:No | Vol:Volume expanding, price falling | MA:Below EMA | MACD:MACD -1",,VMC,2026-09-28,243.05999755859375,-1,False,False,False,False,,3,-1,-2,-1,243.05999755859375,206.6009979248047,"Price:Trend Up (HH & HL) [No reversal (no lower low into the base - trend was not down)] | NewHigh:No | Vol:Volume expanding, price falling | MA:Below EMA | MACD:MACD -1",
WRB,,,,,,,,,,,,,,,,,,,,68.9800033569336,1.4073671795051146,-2.596305136255983,5.624483565631699,-5.974385581115483,19.418949730430484,2026-09-28,-1,False,False,False,False,,0,-1,-2,2,68.9800033569336,58.633002853393556,"Price:Sideways/Mixed [No reversal (second low not higher)] | NewHigh:No | Vol:Volume expanding, price falling | MA:Below EMA | MACD:MACD +2",,WRB,2026-09-28,68.9800033569336,-1,False,False,False,False,,0,-1,-2,2,68.9800033569336,58.633002853393556,"Price:Sideways/Mixed [No reversal (second low not higher)] | NewHigh:No | Vol:Volume expanding, price falling | MA:Below EMA | MACD:MACD +2",
ACN,,,,,,,,,,,,,,,,,,,,198.89999389648438,5.978261753284353,46.97109063016749,0.828800329951429,-16.704847283284586,56.280456043437376,2026-09-28,-2,False,False,False,False,,-3,2,1,-2,198.89999389648438,169.06499481201172,"Price:Trend Down (LL & LH) [No reversal (second low not higher)] | NewHigh:No | Vol:Volume expanding, price rising | MA:Fresh cross above EMA | MACD:MACD -2",,ACN,2026-09-28,198.89999389648438,-2,False,False,False,False,,-3,2,1,-2,198.89999389648438,169.06499481201172,"Price:Trend Down (LL & LH) [No reversal (second low not higher)] | NewHigh:No | Vol:Volume expanding, price rising | MA:Fresh cross above EMA | MACD:MACD -2",
APD,,,,,,,,,,,,,,,,,,,,277.57000732421875,-9.714810057838452,-9.542327887621582,-4.233315981347463,6.0478572953465815,19.011744509872983,2026-09-28,-2,False,False,False,False,,0,-1,-2,1,277.57000732421875,235.93450622558592,"Price:Sideways/Mixed [No reversal (no lower low into the base - trend was not down)] | NewHigh:No | Vol:Volume expanding, price falling | MA:Below EMA | MACD:MACD +1",,APD,2026-09-28,277.57000732421875,-2,False,False,False,False,,0,-1,-2,1,277.57000732421875,235.93450622558592,"Price:Sideways/Mixed [No reversal (no lower low into the base - trend was not down)] | NewHigh:No | Vol:Volume expanding, price falling | MA:Below EMA | MACD:MACD +1",
APO,,,,,,,,,,,,,,,,,,,,114.0199966430664,-13.81056585553666,-6.276815986642681,7.4219613109755,-10.806630022861697,32.9349415339512,2026-09-28,-2,False,False,False,False,,3,-2,-2,-1,114.0199966430664,96.91699714660645,"Price:Trend Up (HH & HL) [No reversal (no rally high between the lows)] | NewHigh:No | Vol:Volume contracting, price falling | MA:Below EMA | MACD:MACD mixed -1",,APO,2026-09-28,114.0199966430664,-2,False,False,False,False,,3,-2,-2,-1,114.0199966430664,96.91699714660645,"Price:Trend Up (HH & HL) [No reversal (no rally high between the lows)] | NewHigh:No | Vol:Volume contracting, price falling | MA:Below EMA | MACD:MACD mixed -1",
BALL,,,,,,,,,,,,,,,,,,,,56.369998931884766,-10.947867912640419,-10.167425218180703,-5.35728113018995,13.250728650706733,21.55872444107138,2026-09-28,-2,False,False,False,False,,0,-1,-2,1,56.369998931884766,47.91449909210205,"Price:Sideways/Mixed [No reversal (second low not higher)] | NewHigh:No | Vol:Volume expanding, price falling | MA:Below EMA | MACD:MACD +1",,BALL,2026-09-28,56.369998931884766,-2,False,False,False,False,,0,-1,-2,1,56.369998931884766,47.91449909210205,"Price:Sideways/Mixed [No reversal (second low not higher)] | NewHigh:No | Vol:Volume expanding, price falling | MA:Below EMA | MACD:MACD +1",
CDW,,,,,,,,,,,,,,,,,,,,133.2899932861328,-10.345062939554895,-0.19619615731111262,10.417863557424155,-14.457433008021336,50.204435442177996,2026-09-28,-2,False,False,False,False,,0,-2,-2,2,133.2899932861328,113.29649429321289,"Price:Sideways/Mixed [No reversal (no rally high between the lows)] | NewHigh:No | Vol:Volume contracting, price falling | MA:Below EMA | MACD:MACD +2",,CDW,2026-09-28,133.2899932861328,-2,False,False,False,False,,0,-2,-2,2,133.2899932861328,113.29649429321289,"Price:Sideways/Mixed [No reversal (no rally high between the lows)] | NewHigh:No | Vol:Volume contracting, price falling | MA:Below EMA | MACD:MACD +2",
CHRW,,,,,,,,,,,,,,,,,,,,157.72000122070312,9.091110578948157,-15.999213005978275,-5.301026794278885,20.70307710380943,48.590358086589426,2026-09-28,-2,False,False,False,False,,0,1,-2,-1,157.72000122070312,134.06200103759764,"Price:Sideways/Mixed [No reversal (second low not higher)] | NewHigh:No | Vol:Volume contracting, price rising | MA:Below EMA | MACD:MACD -1",,CHRW,2026-09-28,157.72000122070312,-2,False,False,False,False,,0,1,-2,-1,157.72000122070312,134.06200103759764,"Price:Sideways/Mixed [No reversal (second low not higher)] | NewHigh:No | Vol:Volume contracting, price rising | MA:Below EMA | MACD:MACD -1",
CVS,,,,,,,,,,,,,,,,,,,,86.45999908447266,-11.076832151207483,-14.777365018673427,19.41603505783347,16.045573279202884,26.943133630941375,2026-09-28,-2,False,False,False,False,,0,-1,-2,1,86.45999908447266,73.49099922180176,"Price:Sideways/Mixed [No reversal (no lower low into the base - trend was not down)] | NewHigh:No | Vol:Volume expanding, price falling | MA:Below EMA | MACD:MACD +1",,CVS,2026-09-28,86.45999908447266,-2,False,False,False,False,,0,-1,-2,1,86.45999908447266,73.49099922180176,"Price:Sideways/Mixed [No reversal (no lower low into the base - trend was not down)] | NewHigh:No | Vol:Volume expanding, price falling | MA:Below EMA | MACD:MACD +1",
DVA,,,,,,,,,,,,,,,,,,,,178.69000244140625,-0.390209571672806,-24.190743985544316,22.74350885692091,34.48484158052902,44.02945464390589,2026-09-28,-2,False,False,False,False,,0,-2,-2,2,178.69000244140625,151.8865020751953,"Price:Sideways/Mixed [No reversal (second low not higher)] | NewHigh:No | Vol:Volume contracting, price falling | MA:Below EMA | MACD:MACD +2",,DVA,2026-09-28,178.69000244140625,-2,False,False,False,False,,0,-2,-2,2,178.69000244140625,151.8865020751953,"Price:Sideways/Mixed [No reversal (second low not higher)] | NewHigh:No | Vol:Volume contracting, price falling | MA:Below EMA | MACD:MACD +2",
ESS,,,,,,,,,,,,,,,,,,,,268.6499938964844,-2.191097680984777,-8.988488853701071,10.620583736274568,4.769311387347419,18.536177076079515,2026-09-28,-2,False,False,False,False,,0,-1,-2,1,268.6499938964844,228.3524948120117,"Price:Sideways/Mixed [No reversal (no lower low into the base - trend was not down)] | NewHigh:No | Vol:Volume expanding, price falling | MA:Below EMA | MACD:MACD +1",,ESS,2026-09-28,268.6499938964844,-2,False,False,False,False,,0,-1,-2,1,268.6499938964844,228.3524948120117,"Price:Sideways/Mixed [No reversal (no lower low into the base - trend was not down)] | NewHigh:No | Vol:Volume expanding, price falling | MA:Below EMA | MACD:MACD +1",
FDX,,,,,,,,,,,,,,,,,,,,290.3599853515625,-7.910578801049917,-5.9465466490801315,0.40907566923704675,52.97441443110078,24.119237655057884,2026-09-28,-2,False,False,False,False,,0,-1,-2,1,290.3599853515625,246.8059875488281,"Price:Sideways/Mixed [No reversal (no lower low into the base - trend was not down)] | NewHigh:No | Vol:Volume expanding, price falling | MA:Below EMA | MACD:MACD +1",,FDX,2026-09-28,290.3599853515625,-2,False,False,False,False,,0,-1,-2,1,290.3599853515625,246.8059875488281,"Price:Sideways/Mixed [No reversal (no lower low into the base - trend was not down)] | NewHigh:No | Vol:Volume expanding, price falling | MA:Below EMA | MACD:MACD +1",
FITB,,,,,,,,,,,,,,,,,,,,50.869998931884766,-5.7120265649937,-11.396337402686573,9.6509591945374,18.52442643450147,20.90348285880295,2026-09-28,-2,False,False,False,False,,0,-1,-2,1,50.869998931884766,43.23949909210205,"Price:Sideways/Mixed [No reversal (no lower low into the base - trend was not down)] | NewHigh:No | Vol:Volume expanding, price falling | MA:Below EMA | MACD:MACD +1",,FITB,2026-09-28,50.869998931884766,-2,False,False,False,False,,0,-1,-2,1,50.869998931884766,43.23949909210205,"Price:Sideways/Mixed [No reversal (no lower low into the base - trend was not down)] | NewHigh:No | Vol:Volume expanding, price falling | MA:Below EMA | MACD:MACD +1",
FTV,,,,,,,,,,,,,,,,,,,,57.470001220703125,1.6607184586001855,-9.5283557867765,2.7043318352481194,15.264941374495521,26.708041421448254,2026-09-28,-2,False,False,False,False,,0,1,-2,-1,57.470001220703125,48.849501037597655,"Price:Sideways/Mixed [No reversal (no rally high between the lows)] | NewHigh:No | Vol:Volume contracting, price rising | MA:Below EMA | MACD:MACD mixed -1",,FTV,2026-09-28,57.470001220703125,-2,False,False,False,False,,0,1,-2,-1,57.470001220703125,48.849501037597655,"Price:Sideways/Mixed [No reversal (no rally high between the lows)] | NewHigh:No | Vol:Volume contracting, price rising | MA:Below EMA | MACD:MACD mixed -1",
GD,,,,,,,,,,,,,,,,,,,,330.0899963378906,-9.333372786203608,-12.41509444351414,-4.585424642221447,-1.4194056066425764,16.690836647333228,2026-09-28,-2,False,False,False,False,,0,-1,-2,1,330.0899963378906,280.57649688720704,"Price:Sideways/Mixed [No reversal (second low not higher)] | NewHigh:No | Vol:Volume expanding, price falling | MA:Below EMA | MACD:MACD +1",,GD,2026-09-28,330.0899963378906,-2,False,False,False,False,,0,-1,-2,1,330.0899963378906,280.57649688720704,"Price:Sideways/Mixed [No reversal (second low not higher)] | NewHigh:No | Vol:Volume expanding, price falling | MA:Below EMA | MACD:MACD +1",
GEHC,,,,,,,,,,,,,,,,,,,,64.29000091552734,-8.886049971670895,-0.7922147505936339,-8.562444842822181,-14.696908268457232,37.23327737597146,2026-09-28,-2,False,False,False,False,,0,2,-2,-2,64.29000091552734,54.64650077819824,"Price:Sideways/Mixed [No reversal (no rally high between the lows)] | NewHigh:No | Vol:Volume expanding, price rising | MA:Below EMA | MACD:MACD -2",,GEHC,2026-09-28,64.29000091552734,-2,False,False,False,False,,0,2,-2,-2,64.29000091552734,54.64650077819824,"Price:Sideways/Mixed [No reversal (no rally high between the lows)] | NewHigh:No | Vol:Volume expanding, price rising | MA:Below EMA | MACD:MACD -2",
GPN,,,,,,,,,,,,,,,,,,,,78.37999725341797,-15.308784581475033,1.539736843717865,23.190233058338116,-6.714398089290253,37.84447841203565,2026-09-28,-2,False,False,False,False,,0,-2,-1,1,78.37999725341797,66.62299766540526,"Price:Sideways/Mixed [No reversal (second low not higher)] | NewHigh:No | Vol:Volume contracting, price falling | MA:Fresh cross below EMA | MACD:MACD +1",,GPN,2026-09-28,78.37999725341797,-2,False,False,False,False,,0,-2,-1,1,78.37999725341797,66.62299766540526,"Price:Sideways/Mixed [No reversal (second low not higher)] | NewHigh:No | Vol:Volume contracting, price falling | MA:Fresh cross below EMA | MACD:MACD +1",
HON,,,,,,,,,,,,,,,,,,,,213.99000549316406,3.8433531748676364,-7.158016450927651,-10.317533909625155,5.01803849245126,26.521703520489346,2026-09-28,-2,False,False,False,False,,0,1,-2,-1,213.99000549316406,181.89150466918946,"Price:Sideways/Mixed [No reversal (no lower high into the base - trend was not down)] | NewHigh:No | Vol:Volume contracting, price rising | MA:Below EMA | MACD:MACD -1",,HON,2026-09-28,213.99000549316406,-2,False,False,False,False,,0,1,-2,-1,213.99000549316406,181.89150466918946,"Price:Sideways/Mixed [No reversal (no lower high into the base - trend was not down)] | NewHigh:No | Vol:Volume contracting, price rising | MA:Below EMA | MACD:MACD -1",
HUBB,,,,,,,,,,,,,,,,,,,,475.5199890136719,5.652329186008265,-3.754330235140324,-3.201418484744245,11.813070323771147,30.365703969288997,2026-09-28,-2,False,False,False,False,,0,1,-2,-1,475.5199890136719,404.1919906616211,"Price:Sideways/Mixed [No reversal (close has not cleared the high point)] | NewHigh:No | Vol:Volume contracting, price rising | MA:Below EMA | MACD:MACD -1",,HUBB,2026-09-28,475.5199890136719,-2,False,False,False,False,,0,1,-2,-1,475.5199890136719,404.1919906616211,"Price:Sideways/Mixed [No reversal (close has not cleared the high point)] | NewHigh:No | Vol:Volume contracting, price rising | MA:Below EMA | MACD:MACD -1",
IDXX,,,,,,,,,,,,,,,,,,,,518.3900146484375,-3.82195884138401,-8.246303839236557,-8.982525544909304,-16.40353697021284,26.762513042889545,2026-09-28,-2,False,False,False,False,,0,1,-2,-1,518.3900146484375,440.6315124511719,"Price:Sideways/Mixed [No reversal (second low not higher)] | NewHigh:No | Vol:Volume contracting, price rising | MA:Below EMA | MACD:MACD -1",,IDXX,2026-09-28,518.3900146484375,-2,False,False,False,False,,0,1,-2,-1,518.3900146484375,440.6315124511719,"Price:Sideways/Mixed [No reversal (second low not higher)] | NewHigh:No | Vol:Volume contracting, price rising | MA:Below EMA | MACD:MACD -1",
KEY,,,,,,,,,,,,,,,,,,,,20.079999923706055,-7.889905383255469,-13.477123595350482,0.01526681877117575,12.944335260171425,21.061068986368706,2026-09-28,-2,False,False,False,False,,0,-1,-2,1,20.079999923706055,17.067999935150144,"Price:Sideways/Mixed [No reversal (close has not cleared the high point)] | NewHigh:No | Vol:Volume expanding, price falling | MA:Below EMA | MACD:MACD +1",,KEY,2026-09-28,20.079999923706055,-2,False,False,False,False,,0,-1,-2,1,20.079999923706055,17.067999935150144,"Price:Sideways/Mixed [No reversal (close has not cleared the high point)] | NewHigh:No | Vol:Volume expanding, price falling | MA:Below EMA | MACD:MACD +1",
KR,,,,,,,,,,,,,,,,,,,,59.029998779296875,1.391270253539112,2.0343759622783564,-17.417932176905314,-9.234635970379056,27.39877117744811,2026-09-28,-2,False,False,False,False,,0,2,-2,-2,59.029998779296875,50.175498962402344,"Price:Sideways/Mixed [No reversal (no rally high between the lows)] | NewHigh:No | Vol:Volume expanding, price rising | MA:Below EMA | MACD:MACD -2",,KR,2026-09-28,59.029998779296875,-2,False,False,False,False,,0,2,-2,-2,59.029998779296875,50.175498962402344,"Price:Sideways/Mixed [No reversal (no rally high between the lows)] | NewHigh:No | Vol:Volume expanding, price rising | MA:Below EMA | MACD:MACD -2",
MCO,,,,,,,,,,,,,,,,,,,,441.3599853515625,-9.926533601721943,-11.325096077103748,0.5803378904998935,-7.217662312334083,24.104579691554466,2026-09-28,-2,False,False,False,False,,0,-1,-2,1,441.3599853515625,375.15598754882814,"Price:Sideways/Mixed [No reversal (no rally high between the lows)] | NewHigh:No | Vol:Volume expanding, price falling | MA:Below EMA | MACD:MACD +1",,MCO,2026-09-28,441.3599853515625,-2,False,False,False,False,,0,-1,-2,1,441.3599853515625,375.15598754882814,"Price:Sideways/Mixed [No reversal (no rally high between the lows)] | NewHigh:No | Vol:Volume expanding, price falling | MA:Below EMA | MACD:MACD +1",
MDLZ,,,,,,,,,,,,,,,,,,,,58.189998626708984,-5.997435446473021,-0.7865384853031787,2.87917043590733,-4.608343287318317,23.180938287034184,2026-09-28,-2,False,False,False,False,,0,-1,-2,1,58.189998626708984,49.46149883270264,"Price:Sideways/Mixed [No reversal (no lower low into the base - trend was not down)] | NewHigh:No | Vol:Volume expanding, price falling | MA:Below EMA | MACD:MACD +1",,MDLZ,2026-09-28,58.189998626708984,-2,False,False,False,False,,0,-1,-2,1,58.189998626708984,49.46149883270264,"Price:Sideways/Mixed [No reversal (no lower low into the base - trend was not down)] | NewHigh:No | Vol:Volume expanding, price falling | MA:Below EMA | MACD:MACD +1",
MNST,,,,,,,,,,,,,,,,,,,,42.939998626708984,-3.331831614687053,-11.800354492202569,18.667948036624882,27.361703788730374,25.28122433128886,2026-09-28,-2,False,False,False,False,,0,-1,-2,1,42.939998626708984,36.49899883270263,"Price:Sideways/Mixed [No reversal (no lower low into the base - trend was not down)] | NewHigh:No | Vol:Volume expanding, price falling | MA:Below EMA | MACD:MACD +1",,MNST,2026-09-28,42.939998626708984,-2,False,False,False,False,,0,-1,-2,1,42.939998626708984,36.49899883270263,"Price:Sideways/Mixed [No reversal (no lower low into the base - trend was not down)] | NewHigh:No | Vol:Volume expanding, price falling | MA:Below EMA | MACD:MACD +1",
MOS,,,,,,,,,,,,,,,,,,,,21.06999969482422,-17.578152571415863,0.32272560005202067,-17.980999104356133,-35.411402559326746,38.60286733843709,2026-09-28,-2,False,False,False,False,,3,-1,-2,-2,21.06999969482422,17.909499740600584,"Price:Trend Up (HH & HL) [No reversal (no rally high between the lows)] | NewHigh:No | Vol:Volume expanding, price falling | MA:Below EMA | MACD:MACD -2",,MOS,2026-09-28,21.06999969482422,-2,False,False,False,False,,3,-1,-2,-2,21.06999969482422,17.909499740600584,"Price:Trend Up (HH & HL) [No reversal (no rally high between the lows)] | NewHigh:No | Vol:Volume expanding, price falling | MA:Below EMA | MACD:MACD -2",
MS,,,,,,,,,,,,,,,,,,,,190.30999755859375,-10.154852715447726,-13.841692307054643,16.027967302328605,24.051372460283325,26.450848045780774,2026-09-28,-2,False,False,False,False,,0,-1,-2,1,190.30999755859375,161.76349792480468,"Price:Sideways/Mixed [No reversal (no lower high into the base - trend was not down)] | NewHigh:No | Vol:Volume expanding, price falling | MA:Below EMA | MACD:MACD +1",,MS,2026-09-28,190.30999755859375,-2,False,False,False,False,,0,-1,-2,1,190.30999755859375,161.76349792480468,"Price:Sideways/Mixed [No reversal (no lower high into the base - trend was not down)] | NewHigh:No | Vol:Volume expanding, price falling | MA:Below EMA | MACD:MACD +1",
NVTS,,,,,,,,,,,,,,,,,,,,12.399999618530273,10.615518076126683,-18.581746610417206,40.90908352008551,69.8630040348261,86.08276146653145,2026-09-28,-2,False,False,False,False,,0,1,-2,-1,12.399999618530273,10.539999675750732,"Price:Sideways/Mixed [No reversal (no lower low into the base - trend was not down)] | NewHigh:No | Vol:Volume contracting, price rising | MA:Below EMA | MACD:MACD -1",,NVTS,2026-09-28,12.399999618530273,-2,False,False,False,False,,0,1,-2,-1,12.399999618530273,10.539999675750732,"Price:Sideways/Mixed [No reversal (no lower low into the base - trend was not down)] | NewHigh:No | Vol:Volume contracting, price rising | MA:Below EMA | MACD:MACD -1",
PCAR,,,,,,,,,,,,,,,,,,,,109.68000030517578,-10.194053245091483,-12.65950176953493,-6.768086151199371,15.017845556132503,22.379587181071656,2026-09-28,-2,False,False,False,False,,0,-1,-2,1,109.68000030517578,93.22800025939941,"Price:Sideways/Mixed [No reversal (second low not higher)] | NewHigh:No | Vol:Volume expanding, price falling | MA:Below EMA | MACD:MACD +1",,PCAR,2026-09-28,109.68000030517578,-2,False,False,False,False,,0,-1,-2,1,109.68000030517578,93.22800025939941,"Price:Sideways/Mixed [No reversal (second low not higher)] | NewHigh:No | Vol:Volume expanding, price falling | MA:Below EMA | MACD:MACD +1",
PGR,,,,,,,,,,,,,,,,,,,,210.30999755859375,-4.954603916142764,-9.176199034213328,7.813030201530746,-9.079733233064847,31.555584816032496,2026-09-28,-2,False,False,False,False,,0,-1,-2,1,210.30999755859375,178.76349792480468,"Price:Sideways/Mixed [No reversal (no rally high between the lows)] | NewHigh:No | Vol:Volume expanding, price falling | MA:Below EMA | MACD:MACD +1",,PGR,2026-09-28,210.30999755859375,-2,False,False,False,False,,0,-1,-2,1,210.30999755859375,178.76349792480468,"Price:Sideways/Mixed [No reversal (no rally high between the lows)] | NewHigh:No | Vol:Volume expanding, price falling | MA:Below EMA | MACD:MACD +1",
SCHW,,,,,,,,,,,,,,,,,,,,96.69999694824219,-10.661494034812847,-3.6156098663441716,3.7964980789151115,6.163626676351619,22.55738526856222,2026-09-28,-2,False,False,False,False,,0,-1,-2,1,96.69999694824219,82.19499740600585,"Price:Sideways/Mixed [No reversal (second low not higher)] | NewHigh:No | Vol:Volume expanding, price falling | MA:Below EMA | MACD:MACD +1",,SCHW,2026-09-28,96.69999694824219,-2,False,False,False,False,,0,-1,-2,1,96.69999694824219,82.19499740600585,"Price:Sideways/Mixed [No reversal (second low not higher)] | NewHigh:No | Vol:Volume expanding, price falling | MA:Below EMA | MACD:MACD +1",
SNPS,,,,,,,,,,,,,,,,,,,,489.8999938964844,17.772914503167712,10.769440854224488,23.727738045965573,0.22914094684409747,54.06852897388913,2026-09-28,-2,False,False,False,False,,-3,2,1,-2,489.8999938964844,416.4149948120117,"Price:Trend Down (LL & LH) [No reversal (second low not higher)] | NewHigh:No | Vol:Volume expanding, price rising | MA:Fresh cross above EMA | MACD:MACD -2",,SNPS,2026-09-28,489.8999938964844,-2,False,False,False,False,,-3,2,1,-2,489.8999938964844,416.4149948120117,"Price:Trend Down (LL & LH) [No reversal (second low not higher)] | NewHigh:No | Vol:Volume expanding, price rising | MA:Fresh cross above EMA | MACD:MACD -2",
SW,,,,,,,,,,,,,,,,,,,,42.540000915527344,-6.21693046049181,-5.942347673218073,10.507239411413206,2.677650027732792,43.576301356873216,2026-09-28,-2,False,False,False,False,,0,-2,-1,1,42.540000915527344,36.15900077819824,"Price:Sideways/Mixed [No reversal (no lower low into the base - trend was not down)] | NewHigh:No | Vol:Volume contracting, price falling | MA:Fresh cross below EMA | MACD:MACD +1",,SW,2026-09-28,42.540000915527344,-2,False,False,False,False,,0,-2,-1,1,42.540000915527344,36.15900077819824,"Price:Sideways/Mixed [No reversal (no lower low into the base - trend was not down)] | NewHigh:No | Vol:Volume contracting, price falling | MA:Fresh cross below EMA | MACD:MACD +1",
T,,,,,,,,,,,,,,,,,,,,24.299999237060547,-6.358387196024129,19.656810066644237,-12.166943639837669,-7.637512303630367,25.1277776269263,2026-09-28,-2,False,False,False,False,,0,-2,-1,1,24.299999237060547,20.654999351501463,"Price:Sideways/Mixed [No reversal (no rally high between the lows)] | NewHigh:No | Vol:Volume contracting, price falling | MA:Fresh cross below EMA | MACD:MACD mixed +1",,T,2026-09-28,24.299999237060547,-2,False,False,False,False,,0,-2,-1,1,24.299999237060547,20.654999351501463,"Price:Sideways/Mixed [No reversal (no rally high between the lows)] | NewHigh:No | Vol:Volume contracting, price falling | MA:Fresh cross below EMA | MACD:MACD mixed +1",
TFC,,,,,,,,,,,,,,,,,,,,46.45000076293945,-8.58098896380557,-8.77024249638575,0.52150437816183,6.297591973174077,21.470049030434204,2026-09-28,-2,False,False,False,False,,0,-1,-2,1,46.45000076293945,39.48250064849854,"Price:Sideways/Mixed [No reversal (close has not cleared the high point)] | NewHigh:No | Vol:Volume expanding, price falling | MA:Below EMA | MACD:MACD +1",,TFC,2026-09-28,46.45000076293945,-2,False,False,False,False,,0,-1,-2,1,46.45000076293945,39.48250064849854,"Price:Sideways/Mixed [No reversal (close has not cleared the high point)] | NewHigh:No | Vol:Volume expanding, price falling | MA:Below EMA | MACD:MACD +1",
TROW,,,,,,,,,,,,,,,,,,,,104.62000274658203,-3.1619160797757395,-11.080007970715599,18.878204039001556,8.956274955194665,23.658888159448267,2026-09-28,-2,False,False,False,False,,0,-2,-1,1,104.62000274658203,88.92700233459472,"Price:Sideways/Mixed [No reversal (no rally high between the lows)] | NewHigh:No | Vol:Volume contracting, price falling | MA:Fresh cross below EMA | MACD:MACD +1",,TROW,2026-09-28,104.62000274658203,-2,False,False,False,False,,0,-2,-1,1,104.62000274658203,88.92700233459472,"Price:Sideways/Mixed [No reversal (no rally high between the lows)] | NewHigh:No | Vol:Volume contracting, price falling | MA:Fresh cross below EMA | MACD:MACD +1",
TSCO,,,,,,,,,,,,,,,,,,,,31.09000015258789,-10.814688444509613,3.5896288060025094,-27.980482582179434,-43.06418717011079,29.647154556510507,2026-09-28,-2,False,False,False,False,,3,-1,-2,-2,31.09000015258789,26.426500129699708,"Price:Trend Up (HH & HL) [No reversal (close has not cleared the high point)] | NewHigh:No | Vol:Volume expanding, price falling | MA:Below EMA | MACD:MACD -2",,TSCO,2026-09-28,31.09000015258789,-2,False,False,False,False,,3,-1,-2,-2,31.09000015258789,26.426500129699708,"Price:Trend Up (HH & HL) [No reversal (close has not cleared the high point)] | NewHigh:No | Vol:Volume expanding, price falling | MA:Below EMA | MACD:MACD -2",
VTR,,,,,,,,,,,,,,,,,,,,84.01000213623047,-8.195006424722695,-8.344346330709552,2.090435399517898,22.411502459656152,24.495693520364323,2026-09-28,-2,False,False,False,False,,0,-1,-2,1,84.01000213623047,71.4085018157959,"Price:Sideways/Mixed [No reversal (no lower high into the base - trend was not down)] | NewHigh:No | Vol:Volume expanding, price falling | MA:Below EMA | MACD:MACD +1",,VTR,2026-09-28,84.01000213623047,-2,False,False,False,False,,0,-1,-2,1,84.01000213623047,71.4085018157959,"Price:Sideways/Mixed [No reversal (no lower high into the base - trend was not down)] | NewHigh:No | Vol:Volume expanding, price falling | MA:Below EMA | MACD:MACD +1",
WTW,,,,,,,,,,,,,,,,,,,,288.6099853515625,-14.258924815411177,0.6651314014253895,0.6885172142079732,-15.024709506061463,28.24885283766978,2026-09-28,-2,False,False,False,False,,0,-1,-2,1,288.6099853515625,245.31848754882813,"Price:Sideways/Mixed [No reversal (second low not higher)] | NewHigh:No | Vol:Volume expanding, price falling | MA:Below EMA | MACD:MACD +1",,WTW,2026-09-28,288.6099853515625,-2,False,False,False,False,,0,-1,-2,1,288.6099853515625,245.31848754882813,"Price:Sideways/Mixed [No reversal (second low not higher)] | NewHigh:No | Vol:Volume expanding, price falling | MA:Below EMA | MACD:MACD +1",
ABT,,,,,,,,,,,,,,,,,,,,97.5,-11.740745068691483,2.6826322998503294,-3.945327054018055,-25.26141940796399,30.84430615827739,2026-09-28,-3,False,False,False,False,,0,-2,-2,1,97.5,82.875,"Price:Sideways/Mixed [No reversal (second low not higher)] | NewHigh:No | Vol:Volume contracting, price falling | MA:Below EMA | MACD:MACD mixed +1",,ABT,2026-09-28,97.5,-3,False,False,False,False,,0,-2,-2,1,97.5,82.875,"Price:Sideways/Mixed [No reversal (second low not higher)] | NewHigh:No | Vol:Volume contracting, price falling | MA:Below EMA | MACD:MACD mixed +1",
AMCR,,,,,,,,,,,,,,,,,,,,41.86000061035156,-9.03719508884404,-4.837654614394859,8.111110618503425,8.437028573777638,27.788288830647893,2026-09-28,-3,False,False,False,False,,0,-2,-2,1,41.86000061035156,35.581000518798824,"Price:Sideways/Mixed [No reversal (second low not higher)] | NewHigh:No | Vol:Volume contracting, price falling | MA:Below EMA | MACD:MACD +1",,AMCR,2026-09-28,41.86000061035156,-3,False,False,False,False,,0,-2,-2,1,41.86000061035156,35.581000518798824,"Price:Sideways/Mixed [No reversal (second low not higher)] | NewHigh:No | Vol:Volume contracting, price falling | MA:Below EMA | MACD:MACD +1",
AMT,,,,,,,,,,,,,,,,,,,,162.1999969482422,-5.185246168788538,1.1373016679472991,-3.7745225880873257,-12.684063748063412,24.24255970487191,2026-09-28,-3,False,False,False,False,,3,-1,-2,-3,162.1999969482422,137.86999740600587,"Price:Trend Up (HH & HL) [No reversal (close has not cleared the high point)] | NewHigh:No | Vol:Volume expanding, price falling | MA:Below EMA | MACD:MACD -3",,AMT,2026-09-28,162.1999969482422,-3,False,False,False,False,,3,-1,-2,-3,162.1999969482422,137.86999740600587,"Price:Trend Up (HH & HL) [No reversal (close has not cleared the high point)] | NewHigh:No | Vol:Volume expanding, price falling | MA:Below EMA | MACD:MACD -3",
AOS,,,,,,,,,,,,,,,,,,,,56.75,-4.235569342939294,-8.577024740609163,-10.77194733407547,-20.635738978276642,28.307672877279295,2026-09-28,-3,False,False,False,False,,3,-1,-2,-3,56.75,48.2375,"Price:Trend Up (HH & HL) [No reversal (close has not cleared the high point)] | NewHigh:No | Vol:Volume expanding, price falling | MA:Below EMA | MACD:MACD -3",,AOS,2026-09-28,56.75,-3,False,False,False,False,,3,-1,-2,-3,56.75,48.2375,"Price:Trend Up (HH & HL) [No reversal (close has not cleared the high point)] | NewHigh:No | Vol:Volume expanding, price falling | MA:Below EMA | MACD:MACD -3",
AXP,,,,,,,,,,,,,,,,,,,,302.7799987792969,-8.24292723844967,-14.956604831777021,1.1422561477987703,-6.8606508276653155,23.492239524694288,2026-09-28,-3,False,False,False,False,,3,-1,-2,-3,302.7799987792969,257.36299896240234,"Price:Trend Up (HH & HL) [No reversal (no lower low into the base - trend was not down)] | NewHigh:No | Vol:Volume expanding, price falling | MA:Below EMA | MACD:MACD -3",,AXP,2026-09-28,302.7799987792969,-3,False,False,False,False,,3,-1,-2,-3,302.7799987792969,257.36299896240234,"Price:Trend Up (HH & HL) [No reversal (no lower low into the base - trend was not down)] | NewHigh:No | Vol:Volume expanding, price falling | MA:Below EMA | MACD:MACD -3",
CLX,,,,,,,,,,,,,,,,,,,,80.41000366210938,-14.702443486271665,-16.350260140015994,-18.553667063279157,-31.400662503170594,32.312854772718005,2026-09-28,-3,False,False,False,False,,3,-1,-2,-3,80.41000366210938,68.34850311279297,"Price:Trend Up (HH & HL) [No reversal (no rally high between the lows)] | NewHigh:No | Vol:Volume expanding, price falling | MA:Below EMA | MACD:MACD -3",,CLX,2026-09-28,80.41000366210938,-3,False,False,False,False,,3,-1,-2,-3,80.41000366210938,68.34850311279297,"Price:Trend Up (HH & HL) [No reversal (no rally high between the lows)] | NewHigh:No | Vol:Volume expanding, price falling | MA:Below EMA | MACD:MACD -3",
COO,,,,,,,,,,,,,,,,,,,,56.90999984741211,-18.385204205280925,-21.622366934261116,-18.896962615857092,-16.39488746502914,41.09762728963638,2026-09-28,-3,False,False,False,False,,0,2,-2,-3,56.90999984741211,48.37349987030029,"Price:Sideways/Mixed [No reversal (second low not higher)] | NewHigh:No | Vol:Volume expanding, price rising | MA:Below EMA | MACD:MACD -3",,COO,2026-09-28,56.90999984741211,-3,False,False,False,False,,0,2,-2,-3,56.90999984741211,48.37349987030029,"Price:Sideways/Mixed [No reversal (second low not higher)] | NewHigh:No | Vol:Volume expanding, price rising | MA:Below EMA | MACD:MACD -3",
COR,,,,,,,,,,,,,,,,,,,,309.04998779296875,-8.119276592918567,3.717736424759166,-4.445058184820794,-0.1170452134603095,27.802644591865644,2026-09-28,-3,False,False,False,False,,0,-2,-2,1,309.04998779296875,262.69248962402344,"Price:Sideways/Mixed [No reversal (second low not higher)] | NewHigh:No | Vol:Volume contracting, price falling | MA:Below EMA | MACD:MACD mixed +1",,COR,2026-09-28,309.04998779296875,-3,False,False,False,False,,0,-2,-2,1,309.04998779296875,262.69248962402344,"Price:Sideways/Mixed [No reversal (second low not higher)] | NewHigh:No | Vol:Volume contracting, price falling | MA:Below EMA | MACD:MACD mixed +1",
F,,,,,,,,,,,,,,,,,,,,12.100000381469727,-14.427156381338879,-11.561476378546887,6.769132558283775,3.2122549528829314,30.943137903773106,2026-09-28,-3,False,False,False,False,,0,-2,-2,1,12.100000381469727,10.285000324249268,"Price:Sideways/Mixed [No reversal (no lower low into the base - trend was not down)] | NewHigh:No | Vol:Volume contracting, price falling | MA:Below EMA | MACD:MACD +1",,F,2026-09-28,12.100000381469727,-3,False,False,False,False,,0,-2,-2,1,12.100000381469727,10.285000324249268,"Price:Sideways/Mixed [No reversal (no lower low into the base - trend was not down)] | NewHigh:No | Vol:Volume contracting, price falling | MA:Below EMA | MACD:MACD +1",
FICO,,,,,,,,,,,,,,,,,,,,661.25,-39.85628911118775,-48.60125494705899,-39.32150252584372,-56.28705984125395,86.14554178971808,2026-09-28,-3,False,False,False,False,,3,-1,-2,-3,661.25,562.0625,"Price:Trend Up (HH & HL) [No reversal (close has not cleared the high point)] | NewHigh:No | Vol:Volume expanding, price falling | MA:Below EMA | MACD:MACD -3",,FICO,2026-09-28,661.25,-3,False,False,False,False,,3,-1,-2,-3,661.25,562.0625,"Price:Trend Up (HH & HL) [No reversal (close has not cleared the high point)] | NewHigh:No | Vol:Volume expanding, price falling | MA:Below EMA | MACD:MACD -3",
GIS,,,,,,,,,,,,,,,,,,,,32.0099983215332,-21.11878541849427,-9.844718184600875,-11.507926631727782,-32.93570323080286,32.52210539052407,2026-09-28,-3,False,False,False,False,,3,-1,-2,-3,32.0099983215332,27.20849857330322,"Price:Trend Up (HH & HL) [No reversal (no lower high into the base - trend was not down)] | NewHigh:No | Vol:Volume expanding, price falling | MA:Below EMA | MACD:MACD -3",,GIS,2026-09-28,32.0099983215332,-3,False,False,False,False,,3,-1,-2,-3,32.0099983215332,27.20849857330322,"Price:Trend Up (HH & HL) [No reversal (no lower high into the base - trend was not down)] | NewHigh:No | Vol:Volume expanding, price falling | MA:Below EMA | MACD:MACD -3",
IP,,,,,,,,,,,,,,,,,,,,31.969999313354492,-11.928374696177224,-16.18954782372165,-5.672841883665535,-27.45114597109972,42.56326033570838,2026-09-28,-3,False,False,False,False,,3,-1,-2,-3,31.969999313354492,27.174499416351317,"Price:Trend Up (HH & HL) [No reversal (no lower high into the base - trend was not down)] | NewHigh:No | Vol:Volume expanding, price falling | MA:Below EMA | MACD:MACD -3",,IP,2026-09-28,31.969999313354492,-3,False,False,False,False,,3,-1,-2,-3,31.969999313354492,27.174499416351317,"Price:Trend Up (HH & HL) [No reversal (no lower high into the base - trend was not down)] | NewHigh:No | Vol:Volume expanding, price falling | MA:Below EMA | MACD:MACD -3",
ISRG,,,,,,,,,,,,,,,,,,,,391.95001220703125,5.396904125174262,-9.444811042085465,-13.298824107583451,-10.521869107571257,46.28962195311188,2026-09-28,-3,False,False,False,False,,0,1,-2,-2,391.95001220703125,333.1575103759765,"Price:Sideways/Mixed [No reversal (close has not cleared the high point)] | NewHigh:No | Vol:Volume contracting, price rising | MA:Below EMA | MACD:MACD -2",,ISRG,2026-09-28,391.95001220703125,-3,False,False,False,False,,0,1,-2,-2,391.95001220703125,333.1575103759765,"Price:Sideways/Mixed [No reversal (close has not cleared the high point)] | NewHigh:No | Vol:Volume contracting, price rising | MA:Below EMA | MACD:MACD -2",
KHC,,,,,,,,,,,,,,,,,,,,22.190000534057617,-14.147920052293683,-9.166975521591358,0.7168116839611827,-9.782722318207615,28.221659118973285,2026-09-28,-3,False,False,False,False,,0,-2,-2,1,22.190000534057617,18.861500453948974,"Price:Sideways/Mixed [No reversal (no lower low into the base - trend was not down)] | NewHigh:No | Vol:Volume contracting, price falling | MA:Below EMA | MACD:MACD +1",,KHC,2026-09-28,22.190000534057617,-3,False,False,False,False,,0,-2,-2,1,22.190000534057617,18.861500453948974,"Price:Sideways/Mixed [No reversal (no lower low into the base - trend was not down)] | NewHigh:No | Vol:Volume contracting, price falling | MA:Below EMA | MACD:MACD +1",
LYB,,,,,,,,,,,,,,,,,,,,58.58000183105469,-12.00240033107699,11.732546132506316,-24.86952311675218,28.60674151281042,34.318938807403896,2026-09-28,-3,False,False,False,False,,0,-2,-2,1,58.58000183105469,49.79300155639648,"Price:Sideways/Mixed [No reversal (second low not higher)] | NewHigh:No | Vol:Volume contracting, price falling | MA:Below EMA | MACD:MACD +1",,LYB,2026-09-28,58.58000183105469,-3,False,False,False,False,,0,-2,-2,1,58.58000183105469,49.79300155639648,"Price:Sideways/Mixed [No reversal (second low not higher)] | NewHigh:No | Vol:Volume contracting, price falling | MA:Below EMA | MACD:MACD +1",
MDT,,,,,,,,,,,,,,,,,,,,86.37999725341797,-5.523504305598525,4.85003212085926,1.4362158142138481,-5.87167270009733,24.458637005482434,2026-09-28,-3,False,False,False,False,,-3,-1,-1,2,86.37999725341797,73.42299766540528,"Price:Trend Down (LL & LH) [No reversal (second low not higher)] | NewHigh:No | Vol:Volume expanding, price falling | MA:Fresh cross below EMA | MACD:MACD +2",,MDT,2026-09-28,86.37999725341797,-3,False,False,False,False,,-3,-1,-1,2,86.37999725341797,73.42299766540528,"Price:Trend Down (LL & LH) [No reversal (second low not higher)] | NewHigh:No | Vol:Volume expanding, price falling | MA:Fresh cross below EMA | MACD:MACD +2",
MSCI,,,,,,,,,,,,,,,,,,,,535.9500122070312,-4.402189048183402,-12.40524913814336,-0.9124378347489914,-1.6190221489839618,30.399554386787564,2026-09-28,-3,False,False,False,False,,3,-1,-2,-3,535.9500122070312,455.55751037597656,"Price:Trend Up (HH & HL) [No reversal (no lower low into the base - trend was not down)] | NewHigh:No | Vol:Volume expanding, price falling | MA:Below EMA | MACD:MACD -3",,MSCI,2026-09-28,535.9500122070312,-3,False,False,False,False,,3,-1,-2,-3,535.9500122070312,455.55751037597656,"Price:Trend Up (HH & HL) [No reversal (no lower low into the base - trend was not down)] | NewHigh:No | Vol:Volume expanding, price falling | MA:Below EMA | MACD:MACD -3",
NSC,,,,,,,,,,,,,,,,,,,,317.44000244140625,-3.8235457827473174,-0.995237396346893,11.13719990482387,8.154278405086668,20.72720317369244,2026-09-28,-3,False,False,False,False,,0,-2,-2,1,317.44000244140625,269.8240020751953,"Price:Sideways/Mixed [No reversal (no lower low into the base - trend was not down)] | NewHigh:No | Vol:Volume contracting, price falling | MA:Below EMA | MACD:MACD +1",,NSC,2026-09-28,317.44000244140625,-3,False,False,False,False,,0,-2,-2,1,317.44000244140625,269.8240020751953,"Price:Sideways/Mixed [No reversal (no lower low into the base - trend was not down)] | NewHigh:No | Vol:Volume contracting, price falling | MA:Below EMA | MACD:MACD +1",
PG,,,,,,,,,,,,,,,,,,,,144.91000366210938,-1.8490895006942676,-2.222384667457733,2.774653825708584,-2.6169630955773404,17.683470586435103,2026-09-28,-3,False,False,False,False,,3,-2,-2,-2,144.91000366210938,123.17350311279297,"Price:Trend Up (HH & HL) [No reversal (no rally high between the lows)] | NewHigh:No | Vol:Volume contracting, price falling | MA:Below EMA | MACD:MACD -2",,PG,2026-09-28,144.91000366210938,-3,False,False,False,False,,3,-2,-2,-2,144.91000366210938,123.17350311279297,"Price:Trend Up (HH & HL) [No reversal (no rally high between the lows)] | NewHigh:No | Vol:Volume contracting, price falling | MA:Below EMA | MACD:MACD -2",
PPSI,,,,,,,,,,,,,,,,,,,,3.309999942779541,14.532865834940601,-11.733334859212242,-0.8982027593025133,-24.42922702521336,51.41168840817969,2026-09-28,-3,False,False,False,False,,0,1,-2,-2,3.309999942779541,2.8134999513626098,"Price:Sideways/Mixed [No reversal (no lower high into the base - trend was not down)] | NewHigh:No | Vol:Volume contracting, price rising | MA:Below EMA | MACD:MACD -2",,PPSI,2026-09-28,3.309999942779541,-3,False,False,False,False,,0,1,-2,-2,3.309999942779541,2.8134999513626098,"Price:Sideways/Mixed [No reversal (no lower high into the base - trend was not down)] | NewHigh:No | Vol:Volume contracting, price rising | MA:Below EMA | MACD:MACD -2",
RTX,,,,,,,,,,,,,,,,,,,,184.67999267578125,-8.018730053491641,-7.983562134155187,-5.170311959990215,12.094008208491802,23.718689434196904,2026-09-28,-3,False,False,False,False,,0,-2,-2,1,184.67999267578125,156.97799377441405,"Price:Sideways/Mixed [No reversal (second low not higher)] | NewHigh:No | Vol:Volume contracting, price falling | MA:Below EMA | MACD:MACD +1",,RTX,2026-09-28,184.67999267578125,-3,False,False,False,False,,0,-2,-2,1,184.67999267578125,156.97799377441405,"Price:Sideways/Mixed [No reversal (second low not higher)] | NewHigh:No | Vol:Volume contracting, price falling | MA:Below EMA | MACD:MACD +1",
SBAC,,,,,,,,,,,,,,,,,,,,158.49000549316406,-14.982294254970096,-11.622385261118861,-21.315433886615544,-15.252860056594908,29.85887441426747,2026-09-28,-3,False,False,False,False,,3,-1,-2,-3,158.49000549316406,134.71650466918945,"Price:Trend Up (HH & HL) [No reversal (no lower high into the base - trend was not down)] | NewHigh:No | Vol:Volume expanding, price falling | MA:Below EMA | MACD:MACD -3",,SBAC,2026-09-28,158.49000549316406,-3,False,False,False,False,,3,-1,-2,-3,158.49000549316406,134.71650466918945,"Price:Trend Up (HH & HL) [No reversal (no lower high into the base - trend was not down)] | NewHigh:No | Vol:Volume expanding, price falling | MA:Below EMA | MACD:MACD -3",
SPG,,,,,,,,,,,,,,,,,,,,200.9499969482422,-3.3744821848095796,-9.730294982943677,8.832918575005365,13.18891541913807,16.69362210615087,2026-09-28,-3,False,False,False,False,,0,-2,-2,1,200.9499969482422,170.80749740600587,"Price:Sideways/Mixed [No reversal (second low not higher)] | NewHigh:No | Vol:Volume contracting, price falling | MA:Below EMA | MACD:MACD +1",,SPG,2026-09-28,200.9499969482422,-3,False,False,False,False,,0,-2,-2,1,200.9499969482422,170.80749740600587,"Price:Sideways/Mixed [No reversal (second low not higher)] | NewHigh:No | Vol:Volume contracting, price falling | MA:Below EMA | MACD:MACD +1",
STE,,,,,,,,,,,,,,,,,,,,208.5399932861328,-9.191972038290807,-1.924090557882352,-4.074467856620956,-12.833696970671049,25.326268635098486,2026-09-28,-3,False,False,False,False,,3,-1,-2,-3,208.5399932861328,177.25899429321288,"Price:Trend Up (HH & HL) [No reversal (no rally high between the lows)] | NewHigh:No | Vol:Volume expanding, price falling | MA:Below EMA | MACD:MACD -3",,STE,2026-09-28,208.5399932861328,-3,False,False,False,False,,3,-1,-2,-3,208.5399932861328,177.25899429321288,"Price:Trend Up (HH & HL) [No reversal (no rally high between the lows)] | NewHigh:No | Vol:Volume expanding, price falling | MA:Below EMA | MACD:MACD -3",
SYF,,,,,,,,,,,,,,,,,,,,71.7699966430664,-8.444958283104942,-6.450485631151437,5.7766032114491495,4.475398844677891,33.32410762463981,2026-09-28,-3,False,False,False,False,,0,-2,-2,1,71.7699966430664,61.00449714660645,"Price:Sideways/Mixed [No reversal (second low not higher)] | NewHigh:No | Vol:Volume contracting, price falling | MA:Below EMA | MACD:MACD +1",,SYF,2026-09-28,71.7699966430664,-3,False,False,False,False,,0,-2,-2,1,71.7699966430664,61.00449714660645,"Price:Sideways/Mixed [No reversal (second low not higher)] | NewHigh:No | Vol:Volume contracting, price falling | MA:Below EMA | MACD:MACD +1",
SYK,,,,,,,,,,,,,,,,,,,,275.42999267578125,-11.495497594569049,-14.913252487964968,-16.438496311607263,-23.525612715981303,37.91978815103243,2026-09-28,-3,False,False,False,False,,0,2,-2,-3,275.42999267578125,234.11549377441406,"Price:Sideways/Mixed [No reversal (second low not higher)] | NewHigh:No | Vol:Volume expanding, price rising | MA:Below EMA | MACD:MACD -3",,SYK,2026-09-28,275.42999267578125,-3,False,False,False,False,,0,2,-2,-3,275.42999267578125,234.11549377441406,"Price:Sideways/Mixed [No reversal (second low not higher)] | NewHigh:No | Vol:Volume expanding, price rising | MA:Below EMA | MACD:MACD -3",
TYL,,,,,,,,,,,,,,,,,,,,322.80999755859375,-13.889779835149074,1.1911813663027626,-4.502559321854871,-35.53340978268979,43.23553169102819,2026-09-28,-3,False,False,False,False,,3,-2,-2,-2,322.80999755859375,274.38849792480465,"Price:Trend Up (HH & HL) [No reversal (no rally high between the lows)] | NewHigh:No | Vol:Volume contracting, price falling | MA:Below EMA | MACD:MACD -2",,TYL,2026-09-28,322.80999755859375,-3,False,False,False,False,,3,-2,-2,-2,322.80999755859375,274.38849792480465,"Price:Trend Up (HH & HL) [No reversal (no rally high between the lows)] | NewHigh:No | Vol:Volume contracting, price falling | MA:Below EMA | MACD:MACD -2",
UNH,,,,,,,,,,,,,,,,,,,,371.8999938964844,-6.372914936732821,-10.47871378804459,35.7307864730533,9.618942898104299,21.847061207391143,2026-09-28,-3,False,False,False,False,,0,-2,-2,1,371.8999938964844,316.11499481201173,"Price:Sideways/Mixed [No reversal (no lower high into the base - trend was not down)] | NewHigh:No | Vol:Volume contracting, price falling | MA:Below EMA | MACD:MACD +1",,UNH,2026-09-28,371.8999938964844,-3,False,False,False,False,,0,-2,-2,1,371.8999938964844,316.11499481201173,"Price:Sideways/Mixed [No reversal (no lower high into the base - trend was not down)] | NewHigh:No | Vol:Volume contracting, price falling | MA:Below EMA | MACD:MACD +1",
WY,,,,,,,,,,,,,,,,,,,,18.469999313354492,-19.620986132966866,-20.342329933620796,-23.04654374954157,-23.27377058636353,30.23397920486422,2026-09-28,-3,False,False,False,False,,3,-1,-2,-3,18.469999313354492,15.699499416351317,"Price:Trend Up (HH & HL) [No reversal (no lower low into the base - trend was not down)] | NewHigh:No | Vol:Volume expanding, price falling | MA:Below EMA | MACD:MACD -3",,WY,2026-09-28,18.469999313354492,-3,False,False,False,False,,3,-1,-2,-3,18.469999313354492,15.699499416351317,"Price:Trend Up (HH & HL) [No reversal (no lower low into the base - trend was not down)] | NewHigh:No | Vol:Volume expanding, price falling | MA:Below EMA | MACD:MACD -3",
AEE,,,,,,,,,,,,,,,,,,,,99.94000244140625,-4.949473730802534,-10.922205234626148,-9.242058641331862,-0.6267809380063216,14.814292228976955,2026-09-24,-4,False,False,False,False,,0,-1,-2,-1,99.37999725341797,84.47299766540527,"Price:Sideways/Mixed [No reversal (second low not higher)] | NewHigh:No | Vol:Volume expanding, price falling | MA:Below EMA | MACD:MACD mixed -1",,AEE,2026-09-24,99.94000244140625,-4,False,False,False,False,,0,-1,-2,-1,99.37999725341797,84.47299766540527,"Price:Sideways/Mixed [No reversal (second low not higher)] | NewHigh:No | Vol:Volume expanding, price falling | MA:Below EMA | MACD:MACD mixed -1",
AEP,,,,,,,,,,,,,,,,,,,,119.56999969482422,-3.237031649978661,-11.398484891313565,-8.53533075106261,9.338646218824787,16.176745798310087,2026-09-28,-4,False,False,False,False,,0,-1,-2,-1,119.56999969482422,101.63449974060059,"Price:Sideways/Mixed [No reversal (second low not higher)] | NewHigh:No | Vol:Volume expanding, price falling | MA:Below EMA | MACD:MACD mixed -1",,AEP,2026-09-28,119.56999969482422,-4,False,False,False,False,,0,-1,-2,-1,119.56999969482422,101.63449974060059,"Price:Sideways/Mixed [No reversal (second low not higher)] | NewHigh:No | Vol:Volume expanding, price falling | MA:Below EMA | MACD:MACD mixed -1",
AIG,,,,,,,,,,,,,,,,,,,,74.93000030517578,-0.9242653421630886,-6.592749724330805,0.6730207815680345,-3.596435122800079,19.251774899842516,2026-09-28,-4,False,False,False,False,,-3,2,-2,-1,74.93000030517578,63.690500259399414,"Price:Trend Down (LL & LH) [No reversal (no rally high between the lows)] | NewHigh:No | Vol:Volume expanding, price rising | MA:Below EMA | MACD:MACD -1",,AIG,2026-09-28,74.93000030517578,-4,False,False,False,False,,-3,2,-2,-1,74.93000030517578,63.690500259399414,"Price:Trend Down (LL & LH) [No reversal (no rally high between the lows)] | NewHigh:No | Vol:Volume expanding, price rising | MA:Below EMA | MACD:MACD -1",
AVGO,,,,,,,,,,,,,,,,,,,,355.1400146484375,-3.1187460179937343,-4.844417497261788,13.288763769956557,7.315941366086642,38.967151973293035,2026-09-28,-4,False,False,False,False,,0,-1,-2,-1,355.1400146484375,301.86901245117184,"Price:Sideways/Mixed [No reversal (no lower high into the base - trend was not down)] | NewHigh:No | Vol:Volume expanding, price falling | MA:Below EMA | MACD:MACD mixed -1",,AVGO,2026-09-28,355.1400146484375,-4,False,False,False,False,,0,-1,-2,-1,355.1400146484375,301.86901245117184,"Price:Sideways/Mixed [No reversal (no lower high into the base - trend was not down)] | NewHigh:No | Vol:Volume expanding, price falling | MA:Below EMA | MACD:MACD mixed -1",
AXON,,,,,,,,,,,,,,,,,,,,413.3500061035156,-18.46818471218532,-33.58238574455636,0.13081285533673714,-41.891361304275264,68.00876377515593,2026-09-28,-4,False,False,False,False,,0,-1,-2,-1,413.3500061035156,351.34750518798825,"Price:Sideways/Mixed [No reversal (no lower low into the base - trend was not down)] | NewHigh:No | Vol:Volume expanding, price falling | MA:Below EMA | MACD:MACD mixed -1",,AXON,2026-09-28,413.3500061035156,-4,False,False,False,False,,0,-1,-2,-1,413.3500061035156,351.34750518798825,"Price:Sideways/Mixed [No reversal (no lower low into the base - trend was not down)] | NewHigh:No | Vol:Volume expanding, price falling | MA:Below EMA | MACD:MACD mixed -1",
BF-B,,,,,,,,,,,,,,,,,,,,26.15999984741211,-3.6428609316002447,2.456636215128727,-0.5137600624160354,-1.7469369556335934,33.11305115164652,2026-09-28,-4,False,False,False,False,,3,-2,-2,-3,26.15999984741211,22.235999870300294,"Price:Trend Up (HH & HL) [No reversal (no lower low into the base - trend was not down)] | NewHigh:No | Vol:Volume contracting, price falling | MA:Below EMA | MACD:MACD -3",,BF-B,2026-09-28,26.15999984741211,-4,False,False,False,False,,3,-2,-2,-3,26.15999984741211,22.235999870300294,"Price:Trend Up (HH & HL) [No reversal (no lower low into the base - trend was not down)] | NewHigh:No | Vol:Volume contracting, price falling | MA:Below EMA | MACD:MACD -3",
BG,,,,,,,,,,,,,,,,,,,,106.72000122070312,-13.136903230886487,-1.2751439354773852,-16.520896565791933,32.69178121305751,34.51353793524493,2026-09-28,-4,False,False,False,False,,0,-1,-2,-1,106.72000122070312,90.71200103759766,"Price:Sideways/Mixed [No reversal (second low not higher)] | NewHigh:No | Vol:Volume expanding, price falling | MA:Below EMA | MACD:MACD mixed -1",,BG,2026-09-28,106.72000122070312,-4,False,False,False,False,,0,-1,-2,-1,106.72000122070312,90.71200103759766,"Price:Sideways/Mixed [No reversal (second low not higher)] | NewHigh:No | Vol:Volume expanding, price falling | MA:Below EMA | MACD:MACD mixed -1",
BKNG,,,,,,,,,,,,,,,,,,,,159.02000427246094,-20.138256945434797,-11.946061134060626,-4.749067670023688,-25.019161545589373,40.20477823676843,2026-09-28,-4,False,False,False,False,,0,-1,-2,-1,159.02000427246094,135.1670036315918,"Price:Sideways/Mixed [No reversal (second low not higher)] | NewHigh:No | Vol:Volume expanding, price falling | MA:Below EMA | MACD:MACD mixed -1",,BKNG,2026-09-28,159.02000427246094,-4,False,False,False,False,,0,-1,-2,-1,159.02000427246094,135.1670036315918,"Price:Sideways/Mixed [No reversal (second low not higher)] | NewHigh:No | Vol:Volume expanding, price falling | MA:Below EMA | MACD:MACD mixed -1",
CI,,,,,,,,,,,,,,,,,,,,270.5299987792969,-3.821209351274968,-3.527886523099988,1.329045948222185,-5.139256435801432,27.60804642639052,2026-09-28,-4,False,False,False,False,,0,-1,-2,-1,270.5299987792969,229.95049896240235,"Price:Sideways/Mixed [No reversal (second low not higher)] | NewHigh:No | Vol:Volume expanding, price falling | MA:Below EMA | MACD:MACD mixed -1",,CI,2026-09-28,270.5299987792969,-4,False,False,False,False,,0,-1,-2,-1,270.5299987792969,229.95049896240235,"Price:Sideways/Mixed [No reversal (second low not higher)] | NewHigh:No | Vol:Volume expanding, price falling | MA:Below EMA | MACD:MACD mixed -1",
CNP,,,,,,,,,,,,,,,,,,,,37.790000915527344,-4.353321890850214,-13.60036770172901,-12.550970037315645,1.2561420845468074,18.39005058599257,2026-09-28,-4,False,False,False,False,,0,-1,-2,-1,37.790000915527344,32.12150077819824,"Price:Sideways/Mixed [No reversal (second low not higher)] | NewHigh:No | Vol:Volume expanding, price falling | MA:Below EMA | MACD:MACD -1",,CNP,2026-09-28,37.790000915527344,-4,False,False,False,False,,0,-1,-2,-1,37.790000915527344,32.12150077819824,"Price:Sideways/Mixed [No reversal (second low not higher)] | NewHigh:No | Vol:Volume expanding, price falling | MA:Below EMA | MACD:MACD -1",
COST,,,,,,,,,,,,,,,,,,,,920.6500244140625,-0.8433090879067184,-2.960927760624521,-9.015944118979036,0.9463868066127645,19.667650202502145,2026-09-28,-4,False,False,False,False,,-3,2,-2,-1,920.6500244140625,782.5525207519531,"Price:Trend Down (LL & LH) [No reversal (no rally high between the lows)] | NewHigh:No | Vol:Volume expanding, price rising | MA:Below EMA | MACD:MACD -1",,COST,2026-09-28,920.6500244140625,-4,False,False,False,False,,-3,2,-2,-1,920.6500244140625,782.5525207519531,"Price:Trend Down (LL & LH) [No reversal (no rally high between the lows)] | NewHigh:No | Vol:Volume expanding, price rising | MA:Below EMA | MACD:MACD -1",
CPB,,,,,,,,,,,,,,,,,,,,19.6200008392334,-16.44023730202493,-12.310184280617475,-8.195014923564203,-33.94094126666426,34.46365150986971,2026-09-28,-4,False,False,False,False,,3,-2,-2,-3,19.6200008392334,16.677000713348388,"Price:Trend Up (HH & HL) [No reversal (no lower low into the base - trend was not down)] | NewHigh:No | Vol:Volume contracting, price falling | MA:Below EMA | MACD:MACD -3",,CPB,2026-09-28,19.6200008392334,-4,False,False,False,False,,3,-2,-2,-3,19.6200008392334,16.677000713348388,"Price:Trend Up (HH & HL) [No reversal (no lower low into the base - trend was not down)] | NewHigh:No | Vol:Volume contracting, price falling | MA:Below EMA | MACD:MACD -3",
CPT,,,,,,,,,,,,,,,,,,,,95.95999908447266,-8.08761823306694,-17.05487190813041,-2.845178659734904,-5.330881716487057,17.683825504177513,2026-09-28,-4,False,False,False,False,,0,-1,-2,-1,95.95999908447266,81.56599922180176,"Price:Sideways/Mixed [No reversal (second low not higher)] | NewHigh:No | Vol:Volume expanding, price falling | MA:Below EMA | MACD:MACD mixed -1",,CPT,2026-09-28,95.95999908447266,-4,False,False,False,False,,0,-1,-2,-1,95.95999908447266,81.56599922180176,"Price:Sideways/Mixed [No reversal (second low not higher)] | NewHigh:No | Vol:Volume expanding, price falling | MA:Below EMA | MACD:MACD mixed -1",
DTE,,,,,,,,,,,,,,,,,,,,124.44999694824219,-7.68950862161657,-17.02667582674431,-14.490770120964358,-8.149946602570978,16.156107128876993,2026-09-28,-4,False,False,False,False,,0,-1,-2,-1,124.44999694824219,105.78249740600586,"Price:Sideways/Mixed [No reversal (second low not higher)] | NewHigh:No | Vol:Volume expanding, price falling | MA:Below EMA | MACD:MACD -1",,DTE,2026-09-28,124.44999694824219,-4,False,False,False,False,,0,-1,-2,-1,124.44999694824219,105.78249740600586,"Price:Sideways/Mixed [No reversal (second low not higher)] | NewHigh:No | Vol:Volume expanding, price falling | MA:Below EMA | MACD:MACD -1",
ED,,,,,,,,,,,,,,,,,,,,103.38999938964844,-3.975108063604793,-6.88051077851175,-8.93953308537676,8.81038744558591,15.322173886151266,2026-09-28,-4,False,False,False,False,,0,-1,-2,-1,103.38999938964844,87.88149948120117,"Price:Sideways/Mixed [No reversal (close has not cleared the high point)] | NewHigh:No | Vol:Volume expanding, price falling | MA:Below EMA | MACD:MACD mixed -1",,ED,2026-09-28,103.38999938964844,-4,False,False,False,False,,0,-1,-2,-1,103.38999938964844,87.88149948120117,"Price:Sideways/Mixed [No reversal (close has not cleared the high point)] | NewHigh:No | Vol:Volume expanding, price falling | MA:Below EMA | MACD:MACD mixed -1",
ERIE,,,,,,,,,,,,,,,,,,,,221.08999633789062,-14.442168180538973,-13.524236644285214,-10.3676747051497,-27.64819174833032,46.734631242494345,2026-09-28,-4,False,False,False,False,,3,-2,-2,-3,221.08999633789062,187.92649688720704,"Price:Trend Up (HH & HL) [No reversal (no lower high into the base - trend was not down)] | NewHigh:No | Vol:Volume contracting, price falling | MA:Below EMA | MACD:MACD -3",,ERIE,2026-09-28,221.08999633789062,-4,False,False,False,False,,3,-2,-2,-3,221.08999633789062,187.92649688720704,"Price:Trend Up (HH & HL) [No reversal (no lower high into the base - trend was not down)] | NewHigh:No | Vol:Volume contracting, price falling | MA:Below EMA | MACD:MACD -3",
ETR,,,,,,,,,,,,,,,,,,,,100.91000366210938,-5.470722564768737,-10.821050598905513,-11.169362283315209,10.73152088782956,17.737747226238596,2026-09-28,-4,False,False,False,False,,0,-1,-2,-1,100.91000366210938,85.77350311279297,"Price:Sideways/Mixed [No reversal (no lower low into the base - trend was not down)] | NewHigh:No | Vol:Volume expanding, price falling | MA:Below EMA | MACD:MACD mixed -1",,ETR,2026-09-28,100.91000366210938,-4,False,False,False,False,,0,-1,-2,-1,100.91000366210938,85.77350311279297,"Price:Sideways/Mixed [No reversal (no lower low into the base - trend was not down)] | NewHigh:No | Vol:Volume expanding, price falling | MA:Below EMA | MACD:MACD mixed -1",
HBAN,,,,,,,,,,,,,,,,,,,,15.329999923706055,-8.283847435506676,-13.461789001997715,-1.0672219407187544,-6.576107658149988,24.78646422303831,2026-09-28,-4,False,False,False,False,,0,-1,-2,-1,15.329999923706055,13.030499935150146,"Price:Sideways/Mixed [No reversal (no lower low into the base - trend was not down)] | NewHigh:No | Vol:Volume expanding, price falling | MA:Below EMA | MACD:MACD mixed -1",,HBAN,2026-09-28,15.329999923706055,-4,False,False,False,False,,0,-1,-2,-1,15.329999923706055,13.030499935150146,"Price:Sideways/Mixed [No reversal (no lower low into the base - trend was not down)] | NewHigh:No | Vol:Volume expanding, price falling | MA:Below EMA | MACD:MACD mixed -1",
HIG,,,,,,,,,,,,,,,,,,,,126.05000305175781,-8.133520236160363,-8.018791715246188,-6.5986637687212575,-3.4541883785709993,20.55708387282749,2026-09-28,-4,False,False,False,False,,0,-1,-2,-1,126.05000305175781,107.14250259399414,"Price:Sideways/Mixed [No reversal (second low not higher)] | NewHigh:No | Vol:Volume expanding, price falling | MA:Below EMA | MACD:MACD mixed -1",,HIG,2026-09-28,126.05000305175781,-4,False,False,False,False,,0,-1,-2,-1,126.05000305175781,107.14250259399414,"Price:Sideways/Mixed [No reversal (second low not higher)] | NewHigh:No | Vol:Volume expanding, price falling | MA:Below EMA | MACD:MACD mixed -1",
HRL,,,,,,,,,,,,,,,,,,,,20.25,-8.163262128531946,-15.598035184656966,-5.909461437689312,-14.06229283196787,27.513634222616357,2026-09-28,-4,False,False,False,False,,0,-1,-2,-1,20.25,17.2125,"Price:Sideways/Mixed [No reversal (no rally high between the lows)] | NewHigh:No | Vol:Volume expanding, price falling | MA:Below EMA | MACD:MACD -1",,HRL,2026-09-28,20.25,-4,False,False,False,False,,0,-1,-2,-1,20.25,17.2125,"Price:Sideways/Mixed [No reversal (no rally high between the lows)] | NewHigh:No | Vol:Volume expanding, price falling | MA:Below EMA | MACD:MACD -1",
KKR,,,,,,,,,,,,,,,,,,,,90.29000091552734,-15.164896498514368,-5.7397371367637895,-0.6477191017697392,-28.65417847073315,36.52109511346231,2026-09-28,-4,False,False,False,False,,3,-2,-2,-3,90.29000091552734,76.74650077819824,"Price:Trend Up (HH & HL) [No reversal (no lower low into the base - trend was not down)] | NewHigh:No | Vol:Volume contracting, price falling | MA:Below EMA | MACD:MACD -3",,KKR,2026-09-28,90.29000091552734,-4,False,False,False,False,,3,-2,-2,-3,90.29000091552734,76.74650077819824,"Price:Trend Up (HH & HL) [No reversal (no lower low into the base - trend was not down)] | NewHigh:No | Vol:Volume contracting, price falling | MA:Below EMA | MACD:MACD -3",
L,,,,,,,,,,,,,,,,,,,,106.02999877929688,-2.6711984550161327,-8.779509258008499,-1.4293476692004758,6.114779202866538,13.016618424467325,2026-09-28,-4,False,False,False,False,,0,-1,-2,-1,106.02999877929688,90.12549896240235,"Price:Sideways/Mixed [No reversal (second low not higher)] | NewHigh:No | Vol:Volume expanding, price falling | MA:Below EMA | MACD:MACD mixed -1",,L,2026-09-28,106.02999877929688,-4,False,False,False,False,,0,-1,-2,-1,106.02999877929688,90.12549896240235,"Price:Sideways/Mixed [No reversal (second low not higher)] | NewHigh:No | Vol:Volume expanding, price falling | MA:Below EMA | MACD:MACD mixed -1",
LMT,,,,,,,,,,,,,,,,,,,,505.4100036621094,-4.917690665255082,-5.476566328482225,-17.810938819619714,3.9017107768457793,30.539569771934673,2026-09-28,-4,False,False,False,False,,0,-1,-2,-1,505.4100036621094,429.59850311279297,"Price:Sideways/Mixed [No reversal (no rally high between the lows)] | NewHigh:No | Vol:Volume expanding, price falling | MA:Below EMA | MACD:MACD mixed -1",,LMT,2026-09-28,505.4100036621094,-4,False,False,False,False,,0,-1,-2,-1,505.4100036621094,429.59850311279297,"Price:Sideways/Mixed [No reversal (no rally high between the lows)] | NewHigh:No | Vol:Volume expanding, price falling | MA:Below EMA | MACD:MACD mixed -1",
MGM,,,,,,,,,,,,,,,,,,,,30.479999542236328,-26.447875115055375,-34.982937611392536,-16.90294632321634,-12.13606010705125,28.975686968028715,2026-09-28,-4,False,False,False,False,,0,-1,-2,-1,30.479999542236328,25.907999610900877,"Price:Sideways/Mixed [No reversal (no lower low into the base - trend was not down)] | NewHigh:No | Vol:Volume expanding, price falling | MA:Below EMA | MACD:MACD mixed -1",,MGM,2026-09-28,30.479999542236328,-4,False,False,False,False,,0,-1,-2,-1,30.479999542236328,25.907999610900877,"Price:Sideways/Mixed [No reversal (no lower low into the base - trend was not down)] | NewHigh:No | Vol:Volume expanding, price falling | MA:Below EMA | MACD:MACD mixed -1",
MLM,,,,,,,,,,,,,,,,,,,,482.2699890136719,-6.730233395402918,-20.19621612548168,-18.995520283998633,-21.78456740440067,28.366346922315238,2026-09-28,-4,False,False,False,False,,0,-1,-2,-1,482.2699890136719,409.92949066162106,"Price:Sideways/Mixed [No reversal (second low not higher)] | NewHigh:No | Vol:Volume expanding, price falling | MA:Below EMA | MACD:MACD -1",,MLM,2026-09-28,482.2699890136719,-4,False,False,False,False,,0,-1,-2,-1,482.2699890136719,409.92949066162106,"Price:Sideways/Mixed [No reversal (second low not higher)] | NewHigh:No | Vol:Volume expanding, price falling | MA:Below EMA | MACD:MACD -1",
PHM,,,,,,,,,,,,,,,,,,,,115.7300033569336,-6.238038274184776,-11.719026624382023,-0.9041271059067602,-13.182593436681922,30.520515471784027,2026-09-28,-4,False,False,False,False,,0,-1,-2,-1,115.7300033569336,98.37050285339355,"Price:Sideways/Mixed [No reversal (no lower high into the base - trend was not down)] | NewHigh:No | Vol:Volume expanding, price falling | MA:Below EMA | MACD:MACD mixed -1",,PHM,2026-09-28,115.7300033569336,-4,False,False,False,False,,0,-1,-2,-1,115.7300033569336,98.37050285339355,"Price:Sideways/Mixed [No reversal (no lower high into the base - trend was not down)] | NewHigh:No | Vol:Volume expanding, price falling | MA:Below EMA | MACD:MACD mixed -1",
PLD,,,,,,,,,,,,,,,,,,,,128.91000366210938,-4.873353390268786,-7.322769007082563,-2.1630394816459675,14.145912005089944,20.443986381767516,2026-09-28,-4,False,False,False,False,,0,-1,-2,-1,128.91000366210938,109.57350311279296,"Price:Sideways/Mixed [No reversal (second low not higher)] | NewHigh:No | Vol:Volume expanding, price falling | MA:Below EMA | MACD:MACD mixed -1",,PLD,2026-09-28,128.91000366210938,-4,False,False,False,False,,0,-1,-2,-1,128.91000366210938,109.57350311279296,"Price:Sideways/Mixed [No reversal (second low not higher)] | NewHigh:No | Vol:Volume expanding, price falling | MA:Below EMA | MACD:MACD mixed -1",
RRX,,,,,,,,,,,,,,,,,,,,159.8699951171875,-0.336045420685549,-26.4697656736277,-12.775045359767013,12.583656756336815,50.61482274661277,2026-09-28,-4,False,False,False,False,,0,-1,-2,-1,159.8699951171875,135.88949584960938,"Price:Sideways/Mixed [No reversal (no lower low into the base - trend was not down)] | NewHigh:No | Vol:Volume expanding, price falling | MA:Below EMA | MACD:MACD -1",,RRX,2026-09-28,159.8699951171875,-4,False,False,False,False,,0,-1,-2,-1,159.8699951171875,135.88949584960938,"Price:Sideways/Mixed [No reversal (no lower low into the base - trend was not down)] | NewHigh:No | Vol:Volume expanding, price falling | MA:Below EMA | MACD:MACD -1",
SO,,,,,,,,,,,,,,,,,,,,83.72000122070312,-5.197595362682639,-12.062399497634424,-12.662688738675277,-8.771720379600033,14.544246593957618,2026-09-28,-4,False,False,False,False,,0,-1,-2,-1,83.72000122070312,71.16200103759765,"Price:Sideways/Mixed [No reversal (no rally high between the lows)] | NewHigh:No | Vol:Volume expanding, price falling | MA:Below EMA | MACD:MACD -1",,SO,2026-09-28,83.72000122070312,-4,False,False,False,False,,0,-1,-2,-1,83.72000122070312,71.16200103759765,"Price:Sideways/Mixed [No reversal (no rally high between the lows)] | NewHigh:No | Vol:Volume expanding, price falling | MA:Below EMA | MACD:MACD -1",
TTWO,,,,,,,,,,,,,,,,,,,,202.72999572753906,-6.204313731830069,-21.547156513095423,1.4309304448997917,-20.622552634160552,33.48657660107456,2026-09-28,-4,False,False,False,False,,0,-1,-2,-1,202.72999572753906,172.3204963684082,"Price:Sideways/Mixed [No reversal (no lower high into the base - trend was not down)] | NewHigh:No | Vol:Volume expanding, price falling | MA:Below EMA | MACD:MACD mixed -1",,TTWO,2026-09-28,202.72999572753906,-4,False,False,False,False,,0,-1,-2,-1,202.72999572753906,172.3204963684082,"Price:Sideways/Mixed [No reversal (no lower high into the base - trend was not down)] | NewHigh:No | Vol:Volume expanding, price falling | MA:Below EMA | MACD:MACD mixed -1",
VST,,,,,,,,,,,,,,,,,,,,140.02000427246094,-2.2380410514207583,-10.79423342164133,-7.100326999200224,-30.110962121072493,38.86591119119142,2026-09-28,-4,False,False,False,False,,0,-1,-2,-1,140.02000427246094,119.01700363159179,"Price:Sideways/Mixed [No reversal (no lower high into the base - trend was not down)] | NewHigh:No | Vol:Volume expanding, price falling | MA:Below EMA | MACD:MACD -1",,VST,2026-09-28,140.02000427246094,-4,False,False,False,False,,0,-1,-2,-1,140.02000427246094,119.01700363159179,"Price:Sideways/Mixed [No reversal (no lower high into the base - trend was not down)] | NewHigh:No | Vol:Volume expanding, price falling | MA:Below EMA | MACD:MACD -1",
VZ,,,,,,,,,,,,,,,,,,,,45.91999816894531,-8.562331635279097,11.012125460423604,-4.037967561376266,11.925037995920441,23.127847468046497,2026-09-28,-4,False,False,False,False,,-3,-1,-1,1,45.91999816894531,39.03199844360351,"Price:Trend Down (LL & LH) [No reversal (no rally high between the lows)] | NewHigh:No | Vol:Volume expanding, price falling | MA:Fresh cross below EMA | MACD:MACD +1",,VZ,2026-09-28,45.91999816894531,-4,False,False,False,False,,-3,-1,-1,1,45.91999816894531,39.03199844360351,"Price:Trend Down (LL & LH) [No reversal (no rally high between the lows)] | NewHigh:No | Vol:Volume expanding, price falling | MA:Fresh cross below EMA | MACD:MACD +1",
WEC,,,,,,,,,,,,,,,,,,,,101.58999633789062,-3.915640676815957,-12.136195849994424,-12.09949819440821,-7.014672300421088,16.299314280810506,2026-09-28,-4,False,False,False,False,,0,-1,-2,-1,101.58999633789062,86.35149688720703,"Price:Sideways/Mixed [No reversal (second low not higher)] | NewHigh:No | Vol:Volume expanding, price falling | MA:Below EMA | MACD:MACD -1",,WEC,2026-09-28,101.58999633789062,-4,False,False,False,False,,0,-1,-2,-1,101.58999633789062,86.35149688720703,"Price:Sideways/Mixed [No reversal (second low not higher)] | NewHigh:No | Vol:Volume expanding, price falling | MA:Below EMA | MACD:MACD -1",
ARE,,,,,,,,,,,,,,,,,,,,47.369998931884766,-8.793120556764888,-3.5807721855067753,12.688478692592465,-39.832528872268945,42.8980383883427,2026-09-28,-5,False,False,False,False,,0,-1,-2,-2,47.369998931884766,40.26449909210205,"Price:Sideways/Mixed [No reversal (second low not higher)] | NewHigh:No | Vol:Volume expanding, price falling | MA:Below EMA | MACD:MACD -2",,ARE,2026-09-28,47.369998931884766,-5,False,False,False,False,,0,-1,-2,-2,47.369998931884766,40.26449909210205,"Price:Sideways/Mixed [No reversal (second low not higher)] | NewHigh:No | Vol:Volume expanding, price falling | MA:Below EMA | MACD:MACD -2",
BKR,,,,,,,,,,,,,,,,,,,,56.0,-13.35292839264599,5.551199550359609,-6.601584966738095,17.608862029463456,30.944673472379357,2026-09-28,-5,False,False,False,False,,-3,-1,-2,1,56.0,47.6,"Price:Trend Down (LL & LH) [No reversal (second low not higher)] | NewHigh:No | Vol:Volume expanding, price falling | MA:Below EMA | MACD:MACD +1",,BKR,2026-09-28,56.0,-5,False,False,False,False,,-3,-1,-2,1,56.0,47.6,"Price:Trend Down (LL & LH) [No reversal (second low not higher)] | NewHigh:No | Vol:Volume expanding, price falling | MA:Below EMA | MACD:MACD +1",
BXP,,,,,,,,,,,,,,,,,,,,60.45000076293945,-8.87693703870207,-12.614589023562939,19.328803740904775,-17.09388594153076,26.058252571650392,2026-09-28,-5,False,False,False,False,,-3,-1,-2,1,60.45000076293945,51.382500648498535,"Price:Trend Down (LL & LH) [No reversal (second low not higher)] | NewHigh:No | Vol:Volume expanding, price falling | MA:Below EMA | MACD:MACD +1",,BXP,2026-09-28,60.45000076293945,-5,False,False,False,False,,-3,-1,-2,1,60.45000076293945,51.382500648498535,"Price:Trend Down (LL & LH) [No reversal (second low not higher)] | NewHigh:No | Vol:Volume expanding, price falling | MA:Below EMA | MACD:MACD +1",
DD,,,,,,,,,,,,,,,,,,,,129.97999572753906,-2.219210946198791,-7.442866265298886,-3.93586513802221,34.71283868599153,21.849584618979538,2026-09-28,-5,False,False,False,False,,-3,1,-2,-1,129.97999572753906,110.4829963684082,"Price:Trend Down (LL & LH) [No reversal (no rally high between the lows)] | NewHigh:No | Vol:Volume contracting, price rising | MA:Below EMA | MACD:MACD mixed -1",,DD,2026-09-28,129.97999572753906,-5,False,False,False,False,,-3,1,-2,-1,129.97999572753906,110.4829963684082,"Price:Trend Down (LL & LH) [No reversal (no rally high between the lows)] | NewHigh:No | Vol:Volume contracting, price rising | MA:Below EMA | MACD:MACD mixed -1",
DOW,,,,,,,,,,,,,,,,,,,,27.969999313354492,-10.581845590253348,3.5294007179681897,-30.96063000281537,27.33394648588392,34.86916423620613,2026-09-28,-5,False,False,False,False,,0,-2,-2,-1,27.969999313354492,23.77449941635132,"Price:Sideways/Mixed [No reversal (second low not higher)] | NewHigh:No | Vol:Volume contracting, price falling | MA:Below EMA | MACD:MACD -1",,DOW,2026-09-28,27.969999313354492,-5,False,False,False,False,,0,-2,-2,-1,27.969999313354492,23.77449941635132,"Price:Sideways/Mixed [No reversal (second low not higher)] | NewHigh:No | Vol:Volume contracting, price falling | MA:Below EMA | MACD:MACD -1",
HAL,,,,,,,,,,,,,,,,,,,,31.850000381469727,-15.360086427271025,-3.036928086737689,-15.813615987140462,30.50162547021722,32.30604119457336,2026-09-28,-5,False,False,False,False,,0,-2,-2,-1,31.850000381469727,27.072500324249265,"Price:Sideways/Mixed [No reversal (second low not higher)] | NewHigh:No | Vol:Volume contracting, price falling | MA:Below EMA | MACD:MACD mixed -1",,HAL,2026-09-28,31.850000381469727,-5,False,False,False,False,,0,-2,-2,-1,31.850000381469727,27.072500324249265,"Price:Sideways/Mixed [No reversal (second low not higher)] | NewHigh:No | Vol:Volume contracting, price falling | MA:Below EMA | MACD:MACD mixed -1",
ICE,,,,,,,,,,,,,,,,,,,,150.14999389648438,-4.561754230341997,11.666492664681538,-7.222485274270884,-6.449980477594009,21.697099506106415,2026-09-28,-5,False,False,False,False,,-3,-2,-1,1,150.14999389648438,127.62749481201172,"Price:Trend Down (LL & LH) [No reversal (second low not higher)] | NewHigh:No | Vol:Volume contracting, price falling | MA:Fresh cross below EMA | MACD:MACD mixed +1",,ICE,2026-09-28,150.14999389648438,-5,False,False,False,False,,-3,-2,-1,1,150.14999389648438,127.62749481201172,"Price:Trend Down (LL & LH) [No reversal (second low not higher)] | NewHigh:No | Vol:Volume contracting, price falling | MA:Fresh cross below EMA | MACD:MACD mixed +1",
KGS,,,,,,,,,,,,,,,,,,,,54.33000183105469,-11.55786820584288,-17.34795885099124,-4.888012241834739,53.59477067793883,49.54931366488245,2026-09-28,-5,False,False,False,False,,-3,-1,-2,1,54.33000183105469,46.180501556396486,"Price:Trend Down (LL & LH) [No reversal (second low not higher)] | NewHigh:No | Vol:Volume expanding, price falling | MA:Below EMA | MACD:MACD +1",,KGS,2026-09-28,54.33000183105469,-5,False,False,False,False,,-3,-1,-2,1,54.33000183105469,46.180501556396486,"Price:Trend Down (LL & LH) [No reversal (second low not higher)] | NewHigh:No | Vol:Volume expanding, price falling | MA:Below EMA | MACD:MACD +1",
KVUE,,,,,,,,,,,,,,,,,,,,17.200000762939453,-9.016060243544555,-10.024356346793429,3.916579606212478,15.096458453773852,20.630126511862162,2026-09-28,-5,False,False,False,False,,-3,-1,-2,1,17.200000762939453,14.620000648498534,"Price:Trend Down (LL & LH) [No reversal (no rally high between the lows)] | NewHigh:No | Vol:Volume expanding, price falling | MA:Below EMA | MACD:MACD +1",,KVUE,2026-09-28,17.200000762939453,-5,False,False,False,False,,-3,-1,-2,1,17.200000762939453,14.620000648498534,"Price:Trend Down (LL & LH) [No reversal (no rally high between the lows)] | NewHigh:No | Vol:Volume expanding, price falling | MA:Below EMA | MACD:MACD +1",
LEN,,,,,,,,,,,,,,,,,,,,79.80999755859375,-4.5106534935013265,-8.401704639634422,-6.681054093083649,-36.497132133130215,35.24502526655295,2026-09-28,-5,False,False,False,False,,-3,2,-2,-2,79.80999755859375,67.83849792480468,"Price:Trend Down (LL & LH) [No reversal (second low not higher)] | NewHigh:No | Vol:Volume expanding, price rising | MA:Below EMA | MACD:MACD -2",,LEN,2026-09-28,79.80999755859375,-5,False,False,False,False,,-3,2,-2,-2,79.80999755859375,67.83849792480468,"Price:Trend Down (LL & LH) [No reversal (second low not higher)] | NewHigh:No | Vol:Volume expanding, price rising | MA:Below EMA | MACD:MACD -2",
MRSH,,,,,,,,,,,,,,,,,,,,170.05999755859375,-8.93746243023984,-1.5512343712761667,-0.9766614319445366,-13.277883831501391,24.020903984698347,2026-09-28,-5,False,False,False,False,,-3,-1,-2,1,170.05999755859375,144.55099792480468,"Price:Trend Down (LL & LH) [No reversal (second low not higher)] | NewHigh:No | Vol:Volume expanding, price falling | MA:Below EMA | MACD:MACD +1",,MRSH,2026-09-28,170.05999755859375,-5,False,False,False,False,,-3,-1,-2,1,170.05999755859375,144.55099792480468,"Price:Trend Down (LL & LH) [No reversal (second low not higher)] | NewHigh:No | Vol:Volume expanding, price falling | MA:Below EMA | MACD:MACD +1",
NVR,,,,,,,,,,,,,,,,,,,,5993.85009765625,-5.264781409264718,-10.454819071451126,-10.044664007203219,-25.416972203959354,26.19632698682671,2026-09-28,-5,False,False,False,False,,0,-1,-2,-2,5993.85009765625,5094.7725830078125,"Price:Sideways/Mixed [No reversal (close has not cleared the high point)] | NewHigh:No | Vol:Volume expanding, price falling | MA:Below EMA | MACD:MACD -2",,NVR,2026-09-28,5993.85009765625,-5,False,False,False,False,,0,-1,-2,-2,5993.85009765625,5094.7725830078125,"Price:Sideways/Mixed [No reversal (close has not cleared the high point)] | NewHigh:No | Vol:Volume expanding, price falling | MA:Below EMA | MACD:MACD -2",
PPL,,,,,,,,,,,,,,,,,,,,32.79999923706055,-4.247784240209429,-8.410932924979464,-13.720009974306624,-7.455693306041066,16.210060427253982,2026-09-28,-5,False,False,False,False,,0,-2,-2,-1,32.79999923706055,27.879999351501464,"Price:Sideways/Mixed [No reversal (no lower high into the base - trend was not down)] | NewHigh:No | Vol:Volume contracting, price falling | MA:Below EMA | MACD:MACD -1",,PPL,2026-09-28,32.79999923706055,-5,False,False,False,False,,0,-2,-2,-1,32.79999923706055,27.879999351501464,"Price:Sideways/Mixed [No reversal (no lower high into the base - trend was not down)] | NewHigh:No | Vol:Volume contracting, price falling | MA:Below EMA | MACD:MACD -1",
RUN,,,,,,,,,,,,,,,,,,,,7.710000038146973,-13.950892797747283,-40.55512814639908,-42.88888860631872,-57.9836518917312,59.76105938300989,2026-09-28,-5,False,False,False,False,,0,-2,-2,-1,7.710000038146973,6.553500032424926,"Price:Sideways/Mixed [No reversal (second low not higher)] | NewHigh:No | Vol:Volume contracting, price falling | MA:Below EMA | MACD:MACD -1",,RUN,2026-09-28,7.710000038146973,-5,False,False,False,False,,0,-2,-2,-1,7.710000038146973,6.553500032424926,"Price:Sideways/Mixed [No reversal (second low not higher)] | NewHigh:No | Vol:Volume contracting, price falling | MA:Below EMA | MACD:MACD -1",
WMB,,,,,,,,,,,,,,,,,,,,70.54000091552734,-5.4653372252193915,-2.4275500350891988,-0.5875833976939027,14.128322319701713,25.987028435992155,2026-09-28,-5,False,False,False,False,,-3,-1,-2,1,70.54000091552734,59.95900077819824,"Price:Trend Down (LL & LH) [No reversal (second low not higher)] | NewHigh:No | Vol:Volume expanding, price falling | MA:Below EMA | MACD:MACD +1",,WMB,2026-09-28,70.54000091552734,-5,False,False,False,False,,-3,-1,-2,1,70.54000091552734,59.95900077819824,"Price:Trend Down (LL & LH) [No reversal (second low not higher)] | NewHigh:No | Vol:Volume expanding, price falling | MA:Below EMA | MACD:MACD +1",
ADBE,,,,,,,,,,,,,,,,,,,,237.69000244140625,-15.047001257286219,8.997108478112349,-2.1529704293434593,-30.847782614551676,47.457875422614556,2026-09-28,-6,False,False,False,False,,0,-2,-2,-2,237.69000244140625,202.0365020751953,"Price:Sideways/Mixed [No reversal (second low not higher)] | NewHigh:No | Vol:Volume contracting, price falling | MA:Below EMA | MACD:MACD -2",,ADBE,2026-09-28,237.69000244140625,-6,False,False,False,False,,0,-2,-2,-2,237.69000244140625,202.0365020751953,"Price:Sideways/Mixed [No reversal (second low not higher)] | NewHigh:No | Vol:Volume contracting, price falling | MA:Below EMA | MACD:MACD -2",
ADSK,,,,,,,,,,,,,,,,,,,,212.0,-12.298844269640663,2.148986633009198,-10.954301760112328,-32.85402317704283,45.865960468597294,2026-09-28,-6,False,False,False,False,,0,-1,-2,-3,212.0,180.2,"Price:Sideways/Mixed [No reversal (second low not higher)] | NewHigh:No | Vol:Volume expanding, price falling | MA:Below EMA | MACD:MACD -3",,ADSK,2026-09-28,212.0,-6,False,False,False,False,,0,-1,-2,-3,212.0,180.2,"Price:Sideways/Mixed [No reversal (second low not higher)] | NewHigh:No | Vol:Volume expanding, price falling | MA:Below EMA | MACD:MACD -3",
AON,,,,,,,,,,,,,,,,,,,,269.45001220703125,-18.565640645930802,-24.33268724200589,-16.2045423010876,-24.811411945731056,31.418427256304316,2026-09-28,-6,False,False,False,False,,0,-1,-2,-3,269.45001220703125,229.03251037597656,"Price:Sideways/Mixed [No reversal (second low not higher)] | NewHigh:No | Vol:Volume expanding, price falling | MA:Below EMA | MACD:MACD -3",,AON,2026-09-28,269.45001220703125,-6,False,False,False,False,,0,-1,-2,-3,269.45001220703125,229.03251037597656,"Price:Sideways/Mixed [No reversal (second low not higher)] | NewHigh:No | Vol:Volume expanding, price falling | MA:Below EMA | MACD:MACD -3",
BA,,,,,,,,,,,,,,,,,,,,193.55999755859375,-7.329917133384334,-17.472498038978156,-7.040631820269027,-10.05576194076484,34.82584719229208,2026-09-28,-6,False,False,False,False,,0,-1,-2,-3,193.55999755859375,164.52599792480467,"Price:Sideways/Mixed [No reversal (second low not higher)] | NewHigh:No | Vol:Volume expanding, price falling | MA:Below EMA | MACD:MACD -3",,BA,2026-09-28,193.55999755859375,-6,False,False,False,False,,0,-1,-2,-3,193.55999755859375,164.52599792480467,"Price:Sideways/Mixed [No reversal (second low not higher)] | NewHigh:No | Vol:Volume expanding, price falling | MA:Below EMA | MACD:MACD -3",
BLDR,,,,,,,,,,,,,,,,,,,,56.25,-10.841654994523442,-31.677397365509798,-28.905462528652414,-55.617799472853015,49.581366228975334,2026-09-28,-6,False,False,False,False,,0,-1,-2,-3,56.25,47.8125,"Price:Sideways/Mixed [No reversal (second low not higher)] | NewHigh:No | Vol:Volume expanding, price falling | MA:Below EMA | MACD:MACD -3",,BLDR,2026-09-28,56.25,-6,False,False,False,False,,0,-1,-2,-3,56.25,47.8125,"Price:Sideways/Mixed [No reversal (second low not higher)] | NewHigh:No | Vol:Volume expanding, price falling | MA:Below EMA | MACD:MACD -3",
BR,,,,,,,,,,,,,,,,,,,,156.92999267578125,-11.323957962756381,9.067181020381842,-1.2200916382168137,-31.578643089426084,33.37064579167676,2026-09-28,-6,False,False,False,False,,0,-2,-2,-2,156.92999267578125,133.39049377441407,"Price:Sideways/Mixed [No reversal (second low not higher)] | NewHigh:No | Vol:Volume contracting, price falling | MA:Below EMA | MACD:MACD -2",,BR,2026-09-28,156.92999267578125,-6,False,False,False,False,,0,-2,-2,-2,156.92999267578125,133.39049377441407,"Price:Sideways/Mixed [No reversal (second low not higher)] | NewHigh:No | Vol:Volume contracting, price falling | MA:Below EMA | MACD:MACD -2",
CMCSA,,,,,,,,,,,,,,,,,,,,21.56999969482422,-19.544945451322025,-7.741657531706414,-21.718962507808104,-22.829017385439332,34.309712507251525,2026-09-28,-6,False,False,False,False,,0,-1,-2,-3,21.56999969482422,18.334499740600585,"Price:Sideways/Mixed [No reversal (second low not higher)] | NewHigh:No | Vol:Volume expanding, price falling | MA:Below EMA | MACD:MACD -3",,CMCSA,2026-09-28,21.56999969482422,-6,False,False,False,False,,0,-1,-2,-3,21.56999969482422,18.334499740600585,"Price:Sideways/Mixed [No reversal (second low not higher)] | NewHigh:No | Vol:Volume expanding, price falling | MA:Below EMA | MACD:MACD -3",
CMG,,,,,,,,,,,,,,,,,,,,32.36000061035156,-15.991692041038297,-4.767507221037914,-2.4125429455422065,-16.961766495506158,47.85568750935434,2026-09-28,-6,False,False,False,False,,0,-1,-2,-3,32.36000061035156,27.506000518798828,"Price:Sideways/Mixed [No reversal (no rally high between the lows)] | NewHigh:No | Vol:Volume expanding, price falling | MA:Below EMA | MACD:MACD -3",,CMG,2026-09-28,32.36000061035156,-6,False,False,False,False,,0,-1,-2,-3,32.36000061035156,27.506000518798828,"Price:Sideways/Mixed [No reversal (no rally high between the lows)] | NewHigh:No | Vol:Volume expanding, price falling | MA:Below EMA | MACD:MACD -3",
DHI,,,,,,,,,,,,,,,,,,,,135.0,-5.103328263159101,-13.690515386256541,-2.776135528969925,-20.77221160113767,32.6353834528935,2026-09-28,-6,False,False,False,False,,0,-1,-2,-3,135.0,114.75,"Price:Sideways/Mixed [No reversal (no lower low into the base - trend was not down)] | NewHigh:No | Vol:Volume expanding, price falling | MA:Below EMA | MACD:MACD -3",,DHI,2026-09-28,135.0,-6,False,False,False,False,,0,-1,-2,-3,135.0,114.75,"Price:Sideways/Mixed [No reversal (no lower low into the base - trend was not down)] | NewHigh:No | Vol:Volume expanding, price falling | MA:Below EMA | MACD:MACD -3",
DUK,,,,,,,,,,,,,,,,,,,,114.12999725341797,-5.3334442894714895,-8.602484866717875,-12.170355110310426,-3.4762494454121717,15.581702341784068,2026-09-28,-6,False,False,False,False,,0,-1,-2,-3,114.12999725341797,97.01049766540527,"Price:Sideways/Mixed [No reversal (no lower high into the base - trend was not down)] | NewHigh:No | Vol:Volume expanding, price falling | MA:Below EMA | MACD:MACD -3",,DUK,2026-09-28,114.12999725341797,-6,False,False,False,False,,0,-1,-2,-3,114.12999725341797,97.01049766540527,"Price:Sideways/Mixed [No reversal (no lower high into the base - trend was not down)] | NewHigh:No | Vol:Volume expanding, price falling | MA:Below EMA | MACD:MACD -3",
EFX,,,,,,,,,,,,,,,,,,,,140.0,-24.520162160423453,-18.34095896399649,-22.75436770579199,-44.21674572553178,40.898598676307564,2026-09-28,-6,False,False,False,False,,0,-1,-2,-3,140.0,119.0,"Price:Sideways/Mixed [No reversal (second low not higher)] | NewHigh:No | Vol:Volume expanding, price falling | MA:Below EMA | MACD:MACD -3",,EFX,2026-09-28,140.0,-6,False,False,False,False,,0,-1,-2,-3,140.0,119.0,"Price:Sideways/Mixed [No reversal (second low not higher)] | NewHigh:No | Vol:Volume expanding, price falling | MA:Below EMA | MACD:MACD -3",
FIS,,,,,,,,,,,,,,,,,,,,32.439998626708984,-21.626869309931852,-20.487447294813844,-28.300788021373634,-49.3619171793425,36.10970573868521,2026-09-28,-6,False,False,False,False,,0,-1,-2,-3,32.439998626708984,27.573998832702635,"Price:Sideways/Mixed [No reversal (close has not cleared the high point)] | NewHigh:No | Vol:Volume expanding, price falling | MA:Below EMA | MACD:MACD -3",,FIS,2026-09-28,32.439998626708984,-6,False,False,False,False,,0,-1,-2,-3,32.439998626708984,27.573998832702635,"Price:Sideways/Mixed [No reversal (close has not cleared the high point)] | NewHigh:No | Vol:Volume expanding, price falling | MA:Below EMA | MACD:MACD -3",
FSLR,,,,,,,,,,,,,,,,,,,,174.61000061035156,-13.815402097699325,-25.079377654051182,-10.60311588023335,-22.333424552138737,50.38781916176741,2026-09-28,-6,False,False,False,False,,0,-1,-2,-3,174.61000061035156,148.41850051879882,"Price:Sideways/Mixed [No reversal (no lower high into the base - trend was not down)] | NewHigh:No | Vol:Volume expanding, price falling | MA:Below EMA | MACD:MACD -3",,FSLR,2026-09-28,174.61000061035156,-6,False,False,False,False,,0,-1,-2,-3,174.61000061035156,148.41850051879882,"Price:Sideways/Mixed [No reversal (no lower high into the base - trend was not down)] | NewHigh:No | Vol:Volume expanding, price falling | MA:Below EMA | MACD:MACD -3",
HD,,,,,,,,,,,,,,,,,,,,282.8500061035156,-10.541459720521596,-18.741079839681507,-10.744770943047433,-26.739211093389592,23.914676864827914,2026-09-28,-6,False,False,False,False,,0,-1,-2,-3,282.8500061035156,240.42250518798826,"Price:Sideways/Mixed [No reversal (no lower high into the base - trend was not down)] | NewHigh:No | Vol:Volume expanding, price falling | MA:Below EMA | MACD:MACD -3",,HD,2026-09-28,282.8500061035156,-6,False,False,False,False,,0,-1,-2,-3,282.8500061035156,240.42250518798826,"Price:Sideways/Mixed [No reversal (no lower high into the base - trend was not down)] | NewHigh:No | Vol:Volume expanding, price falling | MA:Below EMA | MACD:MACD -3",
HSY,,,,,,,,,,,,,,,,,,,,160.19000244140625,-9.716502815776884,-9.047636746126653,-21.096687300265458,-12.608889139730216,21.94055898648617,2026-09-28,-6,False,False,False,False,,0,-1,-2,-3,160.19000244140625,136.1615020751953,"Price:Sideways/Mixed [No reversal (no rally high between the lows)] | NewHigh:No | Vol:Volume expanding, price falling | MA:Below EMA | MACD:MACD -3",,HSY,2026-09-28,160.19000244140625,-6,False,False,False,False,,0,-1,-2,-3,160.19000244140625,136.1615020751953,"Price:Sideways/Mixed [No reversal (no rally high between the lows)] | NewHigh:No | Vol:Volume expanding, price falling | MA:Below EMA | MACD:MACD -3",
LULU,,,,,,,,,,,,,,,,,,,,94.45999908447266,-21.329225181513443,-18.31546213850267,-39.33984180324158,-46.80407997505935,49.62714554662974,2026-09-28,-6,False,False,False,False,,0,-1,-2,-3,94.45999908447266,80.29099922180175,"Price:Sideways/Mixed [No reversal (no rally high between the lows)] | NewHigh:No | Vol:Volume expanding, price falling | MA:Below EMA | MACD:MACD -3",,LULU,2026-09-28,94.45999908447266,-6,False,False,False,False,,0,-1,-2,-3,94.45999908447266,80.29099922180175,"Price:Sideways/Mixed [No reversal (no rally high between the lows)] | NewHigh:No | Vol:Volume expanding, price falling | MA:Below EMA | MACD:MACD -3",
MAA,,,,,,,,,,,,,,,,,,,,115.2699966430664,-10.372446857924555,-17.166612846720607,-5.482078236204013,-12.50592707296988,17.516778428624136,2026-09-28,-6,False,False,False,False,,0,-1,-2,-3,115.2699966430664,97.97949714660645,"Price:Sideways/Mixed [No reversal (second low not higher)] | NewHigh:No | Vol:Volume expanding, price falling | MA:Below EMA | MACD:MACD -3",,MAA,2026-09-28,115.2699966430664,-6,False,False,False,False,,0,-1,-2,-3,115.2699966430664,97.97949714660645,"Price:Sideways/Mixed [No reversal (second low not higher)] | NewHigh:No | Vol:Volume expanding, price falling | MA:Below EMA | MACD:MACD -3",
MKC,,,,,,,,,,,,,,,,,,,,44.66999816894531,-16.970262449048445,-13.731171838486688,-6.905697790368459,-31.94666139750858,27.73192372623164,2026-09-28,-6,False,False,False,False,,0,-1,-2,-3,44.66999816894531,37.96949844360351,"Price:Sideways/Mixed [No reversal (second low not higher)] | NewHigh:No | Vol:Volume expanding, price falling | MA:Below EMA | MACD:MACD -3",,MKC,2026-09-28,44.66999816894531,-6,False,False,False,False,,0,-1,-2,-3,44.66999816894531,37.96949844360351,"Price:Sideways/Mixed [No reversal (second low not higher)] | NewHigh:No | Vol:Volume expanding, price falling | MA:Below EMA | MACD:MACD -3",
ORLY,,,,,,,,,,,,,,,,,,,,84.9000015258789,-2.3801306953775914,0.7834801505772981,-7.131915088225416,-19.66313277752626,26.72505410409054,2026-09-28,-6,False,False,False,False,,0,-1,-2,-3,84.9000015258789,72.16500129699706,"Price:Sideways/Mixed [No reversal (second low not higher)] | NewHigh:No | Vol:Volume expanding, price falling | MA:Below EMA | MACD:MACD -3",,ORLY,2026-09-28,84.9000015258789,-6,False,False,False,False,,0,-1,-2,-3,84.9000015258789,72.16500129699706,"Price:Sideways/Mixed [No reversal (second low not higher)] | NewHigh:No | Vol:Volume expanding, price falling | MA:Below EMA | MACD:MACD -3",
OTIS,,,,,,,,,,,,,,,,,,,,64.05000305175781,-9.572213192184687,-12.316994633423173,-16.736882716814662,-29.157489102952816,22.448319593849824,2026-09-28,-6,False,False,False,False,,0,-1,-2,-3,64.05000305175781,54.44250259399414,"Price:Sideways/Mixed [No reversal (close has not cleared the high point)] | NewHigh:No | Vol:Volume expanding, price falling | MA:Below EMA | MACD:MACD -3",,OTIS,2026-09-28,64.05000305175781,-6,False,False,False,False,,0,-1,-2,-3,64.05000305175781,54.44250259399414,"Price:Sideways/Mixed [No reversal (close has not cleared the high point)] | NewHigh:No | Vol:Volume expanding, price falling | MA:Below EMA | MACD:MACD -3",
POOL,,,,,,,,,,,,,,,,,,,,161.4199981689453,-11.787533021864704,-24.505509499735457,-19.33539444965663,-46.477080985963596,34.36147312384628,2026-09-28,-6,False,False,False,False,,0,-1,-2,-3,161.4199981689453,137.2069984436035,"Price:Sideways/Mixed [No reversal (close has not cleared the high point)] | NewHigh:No | Vol:Volume expanding, price falling | MA:Below EMA | MACD:MACD -3",,POOL,2026-09-28,161.4199981689453,-6,False,False,False,False,,0,-1,-2,-3,161.4199981689453,137.2069984436035,"Price:Sideways/Mixed [No reversal (close has not cleared the high point)] | NewHigh:No | Vol:Volume expanding, price falling | MA:Below EMA | MACD:MACD -3",
SPGI,,,,,,,,,,,,,,,,,,,,386.2699890136719,-10.525585078133304,-13.434712507287983,-4.8713640092798105,-14.481215020848481,26.213146479210756,2026-09-28,-6,False,False,False,False,,0,-1,-2,-3,386.2699890136719,328.3294906616211,"Price:Sideways/Mixed [No reversal (no lower high into the base - trend was not down)] | NewHigh:No | Vol:Volume expanding, price falling | MA:Below EMA | MACD:MACD -3",,SPGI,2026-09-28,386.2699890136719,-6,False,False,False,False,,0,-1,-2,-3,386.2699890136719,328.3294906616211,"Price:Sideways/Mixed [No reversal (no lower high into the base - trend was not down)] | NewHigh:No | Vol:Volume expanding, price falling | MA:Below EMA | MACD:MACD -3",
TAP,,,,,,,,,,,,,,,,,,,,36.86000061035156,-9.077454913836213,-4.041056874074933,-14.31399741788153,-16.31118989230984,29.798433997167656,2026-09-28,-6,False,False,False,False,,0,-1,-2,-3,36.86000061035156,31.331000518798827,"Price:Sideways/Mixed [No reversal (no rally high between the lows)] | NewHigh:No | Vol:Volume expanding, price falling | MA:Below EMA | MACD:MACD -3",,TAP,2026-09-28,36.86000061035156,-6,False,False,False,False,,0,-1,-2,-3,36.86000061035156,31.331000518798827,"Price:Sideways/Mixed [No reversal (no rally high between the lows)] | NewHigh:No | Vol:Volume expanding, price falling | MA:Below EMA | MACD:MACD -3",
TDG,,,,,,,,,,,,,,,,,,,,1090.3800048828125,-5.492523953819073,-18.998305586576723,-6.565552280821551,-16.17620203311626,24.36077767266202,2026-09-28,-6,False,False,False,False,,0,-1,-2,-3,1090.3800048828125,926.8230041503906,"Price:Sideways/Mixed [No reversal (no lower low into the base - trend was not down)] | NewHigh:No | Vol:Volume expanding, price falling | MA:Below EMA | MACD:MACD -3",,TDG,2026-09-28,1090.3800048828125,-6,False,False,False,False,,0,-1,-2,-3,1090.3800048828125,926.8230041503906,"Price:Sideways/Mixed [No reversal (no lower low into the base - trend was not down)] | NewHigh:No | Vol:Volume expanding, price falling | MA:Below EMA | MACD:MACD -3",
TMUS,,,,,,,,,,,,,,,,,,,,163.63999938964844,-12.63214269973677,-9.464516379026733,-17.836412935593625,-28.36452209553747,38.48578880929744,2026-09-28,-6,False,False,False,False,,0,-1,-2,-3,163.63999938964844,139.09399948120117,"Price:Sideways/Mixed [No reversal (close has not cleared the high point)] | NewHigh:No | Vol:Volume expanding, price falling | MA:Below EMA | MACD:MACD -3",,TMUS,2026-09-28,163.63999938964844,-6,False,False,False,False,,0,-1,-2,-3,163.63999938964844,139.09399948120117,"Price:Sideways/Mixed [No reversal (close has not cleared the high point)] | NewHigh:No | Vol:Volume expanding, price falling | MA:Below EMA | MACD:MACD -3",
TPL,,,,,,,,,,,,,,,,,,,,340.19000244140625,-7.385931705828897,-15.408102448710304,-23.181802363462765,7.188585572866124,42.852089830012005,2026-09-28,-6,False,False,False,False,,0,-1,-2,-3,340.19000244140625,289.1615020751953,"Price:Sideways/Mixed [No reversal (second low not higher)] | NewHigh:No | Vol:Volume expanding, price falling | MA:Below EMA | MACD:MACD -3",,TPL,2026-09-28,340.19000244140625,-6,False,False,False,False,,0,-1,-2,-3,340.19000244140625,289.1615020751953,"Price:Sideways/Mixed [No reversal (second low not higher)] | NewHigh:No | Vol:Volume expanding, price falling | MA:Below EMA | MACD:MACD -3",
TRMB,,,,,,,,,,,,,,,,,,,,57.52000045776367,-2.689900416460911,9.62454568243456,-11.670764693291202,-27.56580052242279,32.84789402088096,2026-09-28,-6,False,False,False,False,,0,-2,-2,-2,57.52000045776367,48.89200038909912,"Price:Sideways/Mixed [No reversal (no rally high between the lows)] | NewHigh:No | Vol:Volume contracting, price falling | MA:Below EMA | MACD:MACD -2",,TRMB,2026-09-28,57.52000045776367,-6,False,False,False,False,,0,-2,-2,-2,57.52000045776367,48.89200038909912,"Price:Sideways/Mixed [No reversal (no rally high between the lows)] | NewHigh:No | Vol:Volume contracting, price falling | MA:Below EMA | MACD:MACD -2",
TSLA,,,,,,,,,,,,,,,,,,,,370.5899963378906,3.803811153973191,-11.715938243069457,2.773232785589963,-19.34227065902786,49.661906722703385,2026-09-28,-6,False,False,False,False,,-3,1,-2,-2,370.5899963378906,315.001496887207,"Price:Trend Down (LL & LH) [No reversal (second low not higher)] | NewHigh:No | Vol:Volume contracting, price rising | MA:Below EMA | MACD:MACD -2",,TSLA,2026-09-28,370.5899963378906,-6,False,False,False,False,,-3,1,-2,-2,370.5899963378906,315.001496887207,"Price:Trend Down (LL & LH) [No reversal (second low not higher)] | NewHigh:No | Vol:Volume contracting, price rising | MA:Below EMA | MACD:MACD -2",
UBER,,,,,,,,,,,,,,,,,,,,68.11000061035156,-10.909086554361714,-5.951391421661123,-5.19208785868458,-29.500051568104723,35.000493873374886,2026-09-28,-6,False,False,False,False,,0,-1,-2,-3,68.11000061035156,57.893500518798824,"Price:Sideways/Mixed [No reversal (second low not higher)] | NewHigh:No | Vol:Volume expanding, price falling | MA:Below EMA | MACD:MACD -3",,UBER,2026-09-28,68.11000061035156,-6,False,False,False,False,,0,-1,-2,-3,68.11000061035156,57.893500518798824,"Price:Sideways/Mixed [No reversal (second low not higher)] | NewHigh:No | Vol:Volume expanding, price falling | MA:Below EMA | MACD:MACD -3",
WM,,,,,,,,,,,,,,,,,,,,204.4499969482422,-6.2483688246763425,-10.31812125026873,-12.393391795123943,-5.460417809560269,20.428392060379466,2026-09-28,-6,False,False,False,False,,0,-1,-2,-3,204.4499969482422,173.78249740600586,"Price:Sideways/Mixed [No reversal (no rally high between the lows)] | NewHigh:No | Vol:Volume expanding, price falling | MA:Below EMA | MACD:MACD -3",,WM,2026-09-28,204.4499969482422,-6,False,False,False,False,,0,-1,-2,-3,204.4499969482422,173.78249740600586,"Price:Sideways/Mixed [No reversal (no rally high between the lows)] | NewHigh:No | Vol:Volume expanding, price falling | MA:Below EMA | MACD:MACD -3",
ZTS,,,,,,,,,,,,,,,,,,,,69.69000244140625,-8.507280928596595,-6.953314530606858,-40.23991809557692,-51.664883592924106,29.65226698289303,2026-09-28,-6,False,False,False,False,,0,-2,-2,-2,69.69000244140625,59.23650207519531,"Price:Sideways/Mixed [No reversal (close has not cleared the high point)] | NewHigh:No | Vol:Volume contracting, price falling | MA:Below EMA | MACD:MACD -2",,ZTS,2026-09-28,69.69000244140625,-6,False,False,False,False,,0,-2,-2,-2,69.69000244140625,59.23650207519531,"Price:Sideways/Mixed [No reversal (close has not cleared the high point)] | NewHigh:No | Vol:Volume contracting, price falling | MA:Below EMA | MACD:MACD -2",
APTV,,,,,,,,,,,,,,,,,,,,43.540000915527344,-3.3089005200119592,-27.105305124371714,-28.611248209065664,-50.0114791294011,47.38901618298209,2026-09-28,-7,False,False,False,False,,-3,-1,-2,-1,43.540000915527344,37.00900077819824,"Price:Trend Down (LL & LH) [No reversal (second low not higher)] | NewHigh:No | Vol:Volume expanding, price falling | MA:Below EMA | MACD:MACD -1",,APTV,2026-09-28,43.540000915527344,-7,False,False,False,False,,-3,-1,-2,-1,43.540000915527344,37.00900077819824,"Price:Trend Down (LL & LH) [No reversal (second low not higher)] | NewHigh:No | Vol:Volume expanding, price falling | MA:Below EMA | MACD:MACD -1",
CMS,,,,,,,,,,,,,,,,,,,,63.7400016784668,-6.347334756231526,-15.776121634396167,-17.595512721878315,-9.17322212741013,14.838613658195465,2026-09-28,-7,False,False,False,False,,-3,-1,-2,-1,63.7400016784668,54.17900142669678,"Price:Trend Down (LL & LH) [No reversal (second low not higher)] | NewHigh:No | Vol:Volume expanding, price falling | MA:Below EMA | MACD:MACD -1",,CMS,2026-09-28,63.7400016784668,-7,False,False,False,False,,-3,-1,-2,-1,63.7400016784668,54.17900142669678,"Price:Trend Down (LL & LH) [No reversal (second low not higher)] | NewHigh:No | Vol:Volume expanding, price falling | MA:Below EMA | MACD:MACD -1",
DECK,,,,,,,,,,,,,,,,,,,,79.12000274658203,-5.539636188286822,-25.125386469596712,-19.51988128224119,-21.802725333126226,35.33091172956125,2026-09-28,-7,False,False,False,False,,-3,-1,-2,-1,79.12000274658203,67.25200233459472,"Price:Trend Down (LL & LH) [No reversal (second low not higher)] | NewHigh:No | Vol:Volume expanding, price falling | MA:Below EMA | MACD:MACD -1",,DECK,2026-09-28,79.12000274658203,-7,False,False,False,False,,-3,-1,-2,-1,79.12000274658203,67.25200233459472,"Price:Trend Down (LL & LH) [No reversal (second low not higher)] | NewHigh:No | Vol:Volume expanding, price falling | MA:Below EMA | MACD:MACD -1",
DPZ,,,,,,,,,,,,,,,,,,,,297.6199951171875,-13.62046407021743,-2.108277001797154,-18.744431204219648,-28.98466783166116,36.13663236457409,2026-09-28,-7,False,False,False,False,,0,-2,-2,-3,297.614990234375,252.97274169921874,"Price:Sideways/Mixed [No reversal (second low not higher)] | NewHigh:No | Vol:Volume contracting, price falling | MA:Below EMA | MACD:MACD -3",,DPZ,2026-09-28,297.6199951171875,-7,False,False,False,False,,0,-2,-2,-3,297.614990234375,252.97274169921874,"Price:Sideways/Mixed [No reversal (second low not higher)] | NewHigh:No | Vol:Volume contracting, price falling | MA:Below EMA | MACD:MACD -3",
FLNC,,,,,,,,,,,,,,,,,,,,7.610000133514404,-27.935607659846784,-57.295172481261524,-42.78195470391245,-43.42007255440854,79.52894665615565,2026-09-28,-7,False,False,False,False,,-3,-1,-2,-1,7.610000133514404,6.468500113487243,"Price:Trend Down (LL & LH) [No reversal (no rally high between the lows)] | NewHigh:No | Vol:Volume expanding, price falling | MA:Below EMA | MACD:MACD -1",,FLNC,2026-09-28,7.610000133514404,-7,False,False,False,False,,-3,-1,-2,-1,7.610000133514404,6.468500113487243,"Price:Trend Down (LL & LH) [No reversal (no rally high between the lows)] | NewHigh:No | Vol:Volume expanding, price falling | MA:Below EMA | MACD:MACD -1",
HII,,,,,,,,,,,,,,,,,,,,268.5400085449219,-6.989468201184746,-8.265089601759069,-31.68332558905973,-4.547766528864439,39.80249321059898,2026-09-28,-7,False,False,False,False,,-3,-1,-2,-1,268.5400085449219,228.25900726318358,"Price:Trend Down (LL & LH) [No reversal (second low not higher)] | NewHigh:No | Vol:Volume expanding, price falling | MA:Below EMA | MACD:MACD -1",,HII,2026-09-28,268.5400085449219,-7,False,False,False,False,,-3,-1,-2,-1,268.5400085449219,228.25900726318358,"Price:Trend Down (LL & LH) [No reversal (second low not higher)] | NewHigh:No | Vol:Volume expanding, price falling | MA:Below EMA | MACD:MACD -1",
LHX,,,,,,,,,,,,,,,,,,,,236.60000610351562,-9.022379841948435,-21.089510868309535,-32.95033657112143,-19.950206027645745,28.30050819273045,2026-09-28,-7,False,False,False,False,,-3,-1,-2,-1,236.60000610351562,201.11000518798826,"Price:Trend Down (LL & LH) [No reversal (second low not higher)] | NewHigh:No | Vol:Volume expanding, price falling | MA:Below EMA | MACD:MACD -1",,LHX,2026-09-28,236.60000610351562,-7,False,False,False,False,,-3,-1,-2,-1,236.60000610351562,201.11000518798826,"Price:Trend Down (LL & LH) [No reversal (second low not higher)] | NewHigh:No | Vol:Volume expanding, price falling | MA:Below EMA | MACD:MACD -1",
QBTS,,,,,,,,,,,,,,,,,,,,15.770000457763672,-4.36627849210498,-30.097514046616926,10.125703867602297,-38.47053853242504,88.12855074751698,2026-09-28,-7,False,False,False,False,,0,-2,-2,-3,15.770000457763672,13.404500389099121,"Price:Sideways/Mixed [No reversal (no lower high into the base - trend was not down)] | NewHigh:No | Vol:Volume contracting, price falling | MA:Below EMA | MACD:MACD -3",,QBTS,2026-09-28,15.770000457763672,-7,False,False,False,False,,0,-2,-2,-3,15.770000457763672,13.404500389099121,"Price:Sideways/Mixed [No reversal (no lower high into the base - trend was not down)] | NewHigh:No | Vol:Volume contracting, price falling | MA:Below EMA | MACD:MACD -3",
RGTI,,,,,,,,,,,,,,,,,,,,15.25,2.5554816231703636,-15.08908253127691,7.470052508543246,-48.91122343346136,78.23174544883379,2026-09-28,-7,False,False,False,False,,0,-2,-2,-3,15.25,12.9625,"Price:Sideways/Mixed [No reversal (no lower high into the base - trend was not down)] | NewHigh:No | Vol:Volume contracting, price falling | MA:Below EMA | MACD:MACD -3",,RGTI,2026-09-28,15.25,-7,False,False,False,False,,0,-2,-2,-3,15.25,12.9625,"Price:Sideways/Mixed [No reversal (no lower high into the base - trend was not down)] | NewHigh:No | Vol:Volume contracting, price falling | MA:Below EMA | MACD:MACD -3",
ROL,,,,,,,,,,,,,,,,,,,,30.15999984741211,-15.541863285775847,-29.07335164721796,-43.61145692065035,-47.36259137339787,31.48430865989776,2026-09-28,-7,False,False,False,False,,-3,-1,-2,-1,30.15999984741211,25.635999870300292,"Price:Trend Down (LL & LH) [No reversal (no rally high between the lows)] | NewHigh:No | Vol:Volume expanding, price falling | MA:Below EMA | MACD:MACD -1",,ROL,2026-09-28,30.15999984741211,-7,False,False,False,False,,-3,-1,-2,-1,30.15999984741211,25.635999870300292,"Price:Trend Down (LL & LH) [No reversal (no rally high between the lows)] | NewHigh:No | Vol:Volume expanding, price falling | MA:Below EMA | MACD:MACD -1",
SRE,,,,,,,,,,,,,,,,,,,,78.37999725341797,-5.670950520927787,-14.96684191014369,-19.754862879259438,-9.541981472938954,22.370687691602004,2026-09-28,-7,False,False,False,False,,-3,-1,-2,-1,78.37999725341797,66.62299766540526,"Price:Trend Down (LL & LH) [No reversal (second low not higher)] | NewHigh:No | Vol:Volume expanding, price falling | MA:Below EMA | MACD:MACD -1",,SRE,2026-09-28,78.37999725341797,-7,False,False,False,False,,-3,-1,-2,-1,78.37999725341797,66.62299766540526,"Price:Trend Down (LL & LH) [No reversal (second low not higher)] | NewHigh:No | Vol:Volume expanding, price falling | MA:Below EMA | MACD:MACD -1",
TSN,,,,,,,,,,,,,,,,,,,,51.88999938964844,-7.023834236131332,-10.852046985181317,-18.279655937916182,-1.3867324462914388,26.726720969943766,2026-09-28,-7,False,False,False,False,,-3,-1,-2,-1,51.88999938964844,44.10649948120117,"Price:Trend Down (LL & LH) [No reversal (second low not higher)] | NewHigh:No | Vol:Volume expanding, price falling | MA:Below EMA | MACD:MACD -1",,TSN,2026-09-28,51.88999938964844,-7,False,False,False,False,,-3,-1,-2,-1,51.88999938964844,44.10649948120117,"Price:Trend Down (LL & LH) [No reversal (second low not higher)] | NewHigh:No | Vol:Volume expanding, price falling | MA:Below EMA | MACD:MACD -1",
VRSK,,,,,,,,,,,,,,,,,,,,163.8800048828125,-12.670446488161602,-12.49837870039231,-10.974978674276482,-33.669562755585844,38.58889068945618,2026-09-28,-7,False,False,False,False,,0,-2,-2,-3,163.8800048828125,139.29800415039062,"Price:Sideways/Mixed [No reversal (no rally high between the lows)] | NewHigh:No | Vol:Volume contracting, price falling | MA:Below EMA | MACD:MACD -3",,VRSK,2026-09-28,163.8800048828125,-7,False,False,False,False,,0,-2,-2,-3,163.8800048828125,139.29800415039062,"Price:Sideways/Mixed [No reversal (no rally high between the lows)] | NewHigh:No | Vol:Volume contracting, price falling | MA:Below EMA | MACD:MACD -3",
WMT,,,,,,,,,,,,,,,,,,,,104.26000213623047,-1.7249451077665512,-5.549387741448153,-16.758846404058268,3.1167430798067164,27.373193692151364,2026-09-28,-7,False,False,False,False,,-3,-1,-2,-1,104.26000213623047,88.62100181579589,"Price:Trend Down (LL & LH) [No reversal (no rally high between the lows)] | NewHigh:No | Vol:Volume expanding, price falling | MA:Below EMA | MACD:MACD -1",,WMT,2026-09-28,104.26000213623047,-7,False,False,False,False,,-3,-1,-2,-1,104.26000213623047,88.62100181579589,"Price:Trend Down (LL & LH) [No reversal (no rally high between the lows)] | NewHigh:No | Vol:Volume expanding, price falling | MA:Below EMA | MACD:MACD -1",
XEL,,,,,,,,,,,,,,,,,,,,71.4000015258789,-4.680800484248138,-10.444780839238344,-10.182841922014463,-8.332386476057119,16.899046536061128,2026-09-28,-7,False,False,False,False,,-3,-1,-2,-1,71.4000015258789,60.69000129699707,"Price:Trend Down (LL & LH) [No reversal (second low not higher)] | NewHigh:No | Vol:Volume expanding, price falling | MA:Below EMA | MACD:MACD -1",,XEL,2026-09-28,71.4000015258789,-7,False,False,False,False,,-3,-1,-2,-1,71.4000015258789,60.69000129699707,"Price:Trend Down (LL & LH) [No reversal (second low not higher)] | NewHigh:No | Vol:Volume expanding, price falling | MA:Below EMA | MACD:MACD -1",
BSX,,,,,,,,,,,,,,,,,,,,42.599998474121094,-11.928882747938573,-4.48430508615486,-32.18720362771518,-55.55555643996924,34.7029686089825,2026-09-28,-8,False,False,False,False,,-3,-1,-2,-2,42.599998474121094,36.20999870300293,"Price:Trend Down (LL & LH) [No reversal (second low not higher)] | NewHigh:No | Vol:Volume expanding, price falling | MA:Below EMA | MACD:MACD -2",,BSX,2026-09-28,42.599998474121094,-8,False,False,False,False,,-3,-1,-2,-2,42.599998474121094,36.20999870300293,"Price:Trend Down (LL & LH) [No reversal (second low not higher)] | NewHigh:No | Vol:Volume expanding, price falling | MA:Below EMA | MACD:MACD -2",
CAG,,,,,,,,,,,,,,,,,,,,13.359999656677246,-17.42892827756284,-2.011889954028956,-11.87471605667053,-25.30080490139358,30.782340399030435,2026-09-28,-8,False,False,False,False,,-3,-1,-2,-2,13.359999656677246,11.35599970817566,"Price:Trend Down (LL & LH) [No reversal (second low not higher)] | NewHigh:No | Vol:Volume expanding, price falling | MA:Below EMA | MACD:MACD -2",,CAG,2026-09-28,13.359999656677246,-8,False,False,False,False,,-3,-1,-2,-2,13.359999656677246,11.35599970817566,"Price:Trend Down (LL & LH) [No reversal (second low not higher)] | NewHigh:No | Vol:Volume expanding, price falling | MA:Below EMA | MACD:MACD -2",
CEG,,,,,,,,,,,,,,,,,,,,257.489990234375,-11.22259597006786,4.887061674213622,-5.32714825231666,-26.209922154010734,36.09611403635292,2026-09-28,-8,False,False,False,False,,-3,-1,-2,-2,257.489990234375,218.86649169921876,"Price:Trend Down (LL & LH) [No reversal (second low not higher)] | NewHigh:No | Vol:Volume expanding, price falling | MA:Below EMA | MACD:MACD -2",,CEG,2026-09-28,257.489990234375,-8,False,False,False,False,,-3,-1,-2,-2,257.489990234375,218.86649169921876,"Price:Trend Down (LL & LH) [No reversal (second low not higher)] | NewHigh:No | Vol:Volume expanding, price falling | MA:Below EMA | MACD:MACD -2",
CHTR,,,,,,,,,,,,,,,,,,,,109.29000091552734,-31.251179419822396,-19.30744318850102,-50.275260815332686,-60.27262868383823,53.96938903825449,2026-09-28,-8,False,False,False,False,,-3,-1,-2,-2,109.29000091552734,92.89650077819825,"Price:Trend Down (LL & LH) [No reversal (second low not higher)] | NewHigh:No | Vol:Volume expanding, price falling | MA:Below EMA | MACD:MACD -2",,CHTR,2026-09-28,109.29000091552734,-8,False,False,False,False,,-3,-1,-2,-2,109.29000091552734,92.89650077819825,"Price:Trend Down (LL & LH) [No reversal (second low not higher)] | NewHigh:No | Vol:Volume expanding, price falling | MA:Below EMA | MACD:MACD -2",
CPRT,,,,,,,,,,,,,,,,,,,,27.219999313354492,-15.360698250920969,-6.908346352857809,-18.502999790991147,-39.63184914340208,39.47283183475357,2026-09-28,-8,False,False,False,False,,-3,-1,-2,-2,27.219999313354492,23.13699941635132,"Price:Trend Down (LL & LH) [No reversal (second low not higher)] | NewHigh:No | Vol:Volume expanding, price falling | MA:Below EMA | MACD:MACD -2",,CPRT,2026-09-28,27.219999313354492,-8,False,False,False,False,,-3,-1,-2,-2,27.219999313354492,23.13699941635132,"Price:Trend Down (LL & LH) [No reversal (second low not higher)] | NewHigh:No | Vol:Volume expanding, price falling | MA:Below EMA | MACD:MACD -2",
FISV,,,,,,,,,,,,,,,,,,,,44.36000061035156,-14.659482491324649,-14.329853889282129,-21.011394709973985,-65.59373060548981,37.040823572840935,2026-09-28,-8,False,False,False,False,,-3,-1,-2,-2,44.36000061035156,37.706000518798824,"Price:Trend Down (LL & LH) [No reversal (second low not higher)] | NewHigh:No | Vol:Volume expanding, price falling | MA:Below EMA | MACD:MACD -2",,FISV,2026-09-28,44.36000061035156,-8,False,False,False,False,,-3,-1,-2,-2,44.36000061035156,37.706000518798824,"Price:Trend Down (LL & LH) [No reversal (second low not higher)] | NewHigh:No | Vol:Volume expanding, price falling | MA:Below EMA | MACD:MACD -2",
INTU,,,,,,,,,,,,,,,,,,,,281.0799865722656,-18.03814528161084,3.742578555436671,-32.96782241448702,-58.16958540950432,46.452822636813195,2026-09-28,-8,False,False,False,False,,-3,-1,-2,-2,281.0799865722656,238.91798858642576,"Price:Trend Down (LL & LH) [No reversal (second low not higher)] | NewHigh:No | Vol:Volume expanding, price falling | MA:Below EMA | MACD:MACD -2",,INTU,2026-09-28,281.0799865722656,-8,False,False,False,False,,-3,-1,-2,-2,281.0799865722656,238.91798858642576,"Price:Trend Down (LL & LH) [No reversal (second low not higher)] | NewHigh:No | Vol:Volume expanding, price falling | MA:Below EMA | MACD:MACD -2",
LDOS,,,,,,,,,,,,,,,,,,,,117.73999786376953,-11.704001499480954,8.648257742862464,-25.362274822104204,-37.847160664211934,37.82534694901539,2026-09-28,-8,False,False,False,False,,-3,-1,-2,-2,117.73999786376953,100.0789981842041,"Price:Trend Down (LL & LH) [No reversal (no rally high between the lows)] | NewHigh:No | Vol:Volume expanding, price falling | MA:Below EMA | MACD:MACD -2",,LDOS,2026-09-28,117.73999786376953,-8,False,False,False,False,,-3,-1,-2,-2,117.73999786376953,100.0789981842041,"Price:Trend Down (LL & LH) [No reversal (no rally high between the lows)] | NewHigh:No | Vol:Volume expanding, price falling | MA:Below EMA | MACD:MACD -2",
OKLO,,,,,,,,,,,,,,,,,,,,35.869998931884766,-9.235833713564311,-30.806329424568666,-25.472682036469706,-69.05891586521172,82.86568443039693,2026-09-28,-8,False,False,False,False,,-3,-2,-2,-1,35.869998931884766,30.48949909210205,"Price:Trend Down (LL & LH) [No reversal (second low not higher)] | NewHigh:No | Vol:Volume contracting, price falling | MA:Below EMA | MACD:MACD -1",,OKLO,2026-09-28,35.869998931884766,-8,False,False,False,False,,-3,-2,-2,-1,35.869998931884766,30.48949909210205,"Price:Trend Down (LL & LH) [No reversal (second low not higher)] | NewHigh:No | Vol:Volume contracting, price falling | MA:Below EMA | MACD:MACD -1",
ORCL,,,,,,,,,,,,,,,,,,,,142.3000030517578,-2.3670648015383766,-0.6712152106469027,-2.1083638294301155,-50.20176093337179,54.936789518878726,2026-09-28,-8,False,False,False,False,,-3,-1,-2,-2,142.3000030517578,120.95500259399414,"Price:Trend Down (LL & LH) [No reversal (second low not higher)] | NewHigh:No | Vol:Volume expanding, price falling | MA:Below EMA | MACD:MACD -2",,ORCL,2026-09-28,142.3000030517578,-8,False,False,False,False,,-3,-1,-2,-2,142.3000030517578,120.95500259399414,"Price:Trend Down (LL & LH) [No reversal (second low not higher)] | NewHigh:No | Vol:Volume expanding, price falling | MA:Below EMA | MACD:MACD -2",
PODD,,,,,,,,,,,,,,,,,,,,131.69000244140625,-11.10435872554193,-17.575265118707108,-35.54402426947361,-56.96124004411176,51.61590032437766,2026-09-28,-8,False,False,False,False,,-3,-1,-2,-2,131.69000244140625,111.9365020751953,"Price:Trend Down (LL & LH) [No reversal (second low not higher)] | NewHigh:No | Vol:Volume expanding, price falling | MA:Below EMA | MACD:MACD -2",,PODD,2026-09-28,131.69000244140625,-8,False,False,False,False,,-3,-1,-2,-2,131.69000244140625,111.9365020751953,"Price:Trend Down (LL & LH) [No reversal (second low not higher)] | NewHigh:No | Vol:Volume expanding, price falling | MA:Below EMA | MACD:MACD -2",
PSKY,,,,,,,,,,,,,,,,,,,,9.5,-13.00000139738382,-5.412285945022843,0.7320907162702284,-48.77600454900595,44.4991193422915,2026-09-28,-8,False,False,False,False,,-3,-1,-2,-2,9.5,8.075,"Price:Trend Down (LL & LH) [No reversal (no rally high between the lows)] | NewHigh:No | Vol:Volume expanding, price falling | MA:Below EMA | MACD:MACD -2",,PSKY,2026-09-28,9.5,-8,False,False,False,False,,-3,-1,-2,-2,9.5,8.075,"Price:Trend Down (LL & LH) [No reversal (no rally high between the lows)] | NewHigh:No | Vol:Volume expanding, price falling | MA:Below EMA | MACD:MACD -2",
TTD,,,,,,,,,,,,,,,,,,,,11.949999809265137,-17.86941819509633,-38.11496561487894,-45.80498765197157,-75.7704787445098,63.71522543766833,2026-09-28,-8,False,False,False,False,,-3,-1,-2,-2,11.949999809265137,10.157499837875365,"Price:Trend Down (LL & LH) [No reversal (second low not higher)] | NewHigh:No | Vol:Volume expanding, price falling | MA:Below EMA | MACD:MACD -2",,TTD,2026-09-28,11.949999809265137,-8,False,False,False,False,,-3,-1,-2,-2,11.949999809265137,10.157499837875365,"Price:Trend Down (LL & LH) [No reversal (second low not higher)] | NewHigh:No | Vol:Volume expanding, price falling | MA:Below EMA | MACD:MACD -2",
VRT,,,,,,,,,,,,,,,,,,,,252.17999267578125,-1.7367296257416065,-20.795735328834752,-3.44280814650777,56.22782276493976,65.15430862713066,2026-09-28,-8,False,False,False,False,,-3,-2,-2,-1,252.17999267578125,214.35299377441405,"Price:Trend Down (LL & LH) [No reversal (second low not higher)] | NewHigh:No | Vol:Volume contracting, price falling | MA:Below EMA | MACD:MACD mixed -1",,VRT,2026-09-28,252.17999267578125,-8,False,False,False,False,,-3,-2,-2,-1,252.17999267578125,214.35299377441405,"Price:Trend Down (LL & LH) [No reversal (second low not higher)] | NewHigh:No | Vol:Volume contracting, price falling | MA:Below EMA | MACD:MACD mixed -1",
ALB,,,,,,,,,,,,,,,,,,,,104.58999633789062,-23.816805380919305,-21.56775018522703,-40.92299073475544,25.238794114274942,42.02015166719193,2026-09-28,-9,False,False,False,False,,-3,-1,-2,-3,104.58999633789062,88.90149688720703,"Price:Trend Down (LL & LH) [No reversal (second low not higher)] | NewHigh:No | Vol:Volume expanding, price falling | MA:Below EMA | MACD:MACD -3",,ALB,2026-09-28,104.58999633789062,-9,False,False,False,False,,-3,-1,-2,-3,104.58999633789062,88.90149688720703,"Price:Trend Down (LL & LH) [No reversal (second low not higher)] | NewHigh:No | Vol:Volume expanding, price falling | MA:Below EMA | MACD:MACD -3",
APP,,,,,,,,,,,,,,,,,,,,268.2200012207031,-15.931668552593447,-50.67581013653473,-30.579495144453183,-61.90543950486013,61.99732446151855,2026-09-28,-9,False,False,False,False,,-3,-1,-2,-3,268.2200012207031,227.98700103759765,"Price:Trend Down (LL & LH) [No reversal (second low not higher)] | NewHigh:No | Vol:Volume expanding, price falling | MA:Below EMA | MACD:MACD -3",,APP,2026-09-28,268.2200012207031,-9,False,False,False,False,,-3,-1,-2,-3,268.2200012207031,227.98700103759765,"Price:Trend Down (LL & LH) [No reversal (second low not higher)] | NewHigh:No | Vol:Volume expanding, price falling | MA:Below EMA | MACD:MACD -3",
ATO,,,,,,,,,,,,,,,,,,,,157.1699981689453,-6.26788821917329,-9.038908603923845,-15.853342920877756,-5.057515995509998,14.79028548345466,2026-09-28,-9,False,False,False,False,,-3,-1,-2,-3,157.1699981689453,133.5944984436035,"Price:Trend Down (LL & LH) [No reversal (second low not higher)] | NewHigh:No | Vol:Volume expanding, price falling | MA:Below EMA | MACD:MACD -3",,ATO,2026-09-28,157.1699981689453,-9,False,False,False,False,,-3,-1,-2,-3,157.1699981689453,133.5944984436035,"Price:Trend Down (LL & LH) [No reversal (second low not higher)] | NewHigh:No | Vol:Volume expanding, price falling | MA:Below EMA | MACD:MACD -3",
AZO,,,,,,,,,,,,,,,,,,,,2792.030029296875,-4.855648940406132,-5.601628754298471,-17.894510953424504,-34.27362651787589,27.15345170672057,2026-09-28,-9,False,False,False,False,,-3,-1,-2,-3,2792.030029296875,2373.2255249023438,"Price:Trend Down (LL & LH) [No reversal (second low not higher)] | NewHigh:No | Vol:Volume expanding, price falling | MA:Below EMA | MACD:MACD -3",,AZO,2026-09-28,2792.030029296875,-9,False,False,False,False,,-3,-1,-2,-3,2792.030029296875,2373.2255249023438,"Price:Trend Down (LL & LH) [No reversal (second low not higher)] | NewHigh:No | Vol:Volume expanding, price falling | MA:Below EMA | MACD:MACD -3",
BRO,,,,,,,,,,,,,,,,,,,,59.90999984741211,-16.83786911987776,-12.248002216227205,-8.681234209692379,-34.78925928128138,31.895641052283853,2026-09-28,-9,False,False,False,False,,-3,-1,-2,-3,59.90999984741211,50.92349987030029,"Price:Trend Down (LL & LH) [No reversal (second low not higher)] | NewHigh:No | Vol:Volume expanding, price falling | MA:Below EMA | MACD:MACD -3",,BRO,2026-09-28,59.90999984741211,-9,False,False,False,False,,-3,-1,-2,-3,59.90999984741211,50.92349987030029,"Price:Trend Down (LL & LH) [No reversal (second low not higher)] | NewHigh:No | Vol:Volume expanding, price falling | MA:Below EMA | MACD:MACD -3",
CBRE,,,,,,,,,,,,,,,,,,,,129.5800018310547,-8.785017557382114,-7.805052282114433,-5.139095138210436,-17.23300724850969,34.50970867231443,2026-09-28,-9,False,False,False,False,,-3,-1,-2,-3,129.5800018310547,110.14300155639648,"Price:Trend Down (LL & LH) [No reversal (second low not higher)] | NewHigh:No | Vol:Volume expanding, price falling | MA:Below EMA | MACD:MACD -3",,CBRE,2026-09-28,129.5800018310547,-9,False,False,False,False,,-3,-1,-2,-3,129.5800018310547,110.14300155639648,"Price:Trend Down (LL & LH) [No reversal (second low not higher)] | NewHigh:No | Vol:Volume expanding, price falling | MA:Below EMA | MACD:MACD -3",
CCI,,,,,,,,,,,,,,,,,,,,66.44000244140625,-10.578312867018724,-10.029283484461903,-19.565207753285218,-27.007232704666094,27.895774096402132,2026-09-28,-9,False,False,False,False,,-3,-1,-2,-3,66.44000244140625,56.47400207519531,"Price:Trend Down (LL & LH) [No reversal (second low not higher)] | NewHigh:No | Vol:Volume expanding, price falling | MA:Below EMA | MACD:MACD -3",,CCI,2026-09-28,66.44000244140625,-9,False,False,False,False,,-3,-1,-2,-3,66.44000244140625,56.47400207519531,"Price:Trend Down (LL & LH) [No reversal (second low not higher)] | NewHigh:No | Vol:Volume expanding, price falling | MA:Below EMA | MACD:MACD -3",
CME,,,,,,,,,,,,,,,,,,,,263.1400146484375,-4.822230162375396,12.615134054643185,-12.901562364738439,2.8262217376335608,22.978628279876812,2026-09-28,-9,False,False,False,False,,-3,-2,-2,-2,263.1400146484375,223.66901245117188,"Price:Trend Down (LL & LH) [No reversal (second low not higher)] | NewHigh:No | Vol:Volume contracting, price falling | MA:Below EMA | MACD:MACD -2",,CME,2026-09-28,263.1400146484375,-9,False,False,False,False,,-3,-2,-2,-2,263.1400146484375,223.66901245117188,"Price:Trend Down (LL & LH) [No reversal (second low not higher)] | NewHigh:No | Vol:Volume contracting, price falling | MA:Below EMA | MACD:MACD -2",
CRH,,,,,,,,,,,,,,,,,,,,81.94000244140625,-11.578715808300078,-23.528166557596208,-21.086121319423377,-30.86487080790985,29.037890261738198,2026-09-28,-9,False,False,False,False,,-3,-1,-2,-3,81.94000244140625,69.64900207519531,"Price:Trend Down (LL & LH) [No reversal (second low not higher)] | NewHigh:No | Vol:Volume expanding, price falling | MA:Below EMA | MACD:MACD -3",,CRH,2026-09-28,81.94000244140625,-9,False,False,False,False,,-3,-1,-2,-3,81.94000244140625,69.64900207519531,"Price:Trend Down (LL & LH) [No reversal (second low not higher)] | NewHigh:No | Vol:Volume expanding, price falling | MA:Below EMA | MACD:MACD -3",
CSGP,,,,,,,,,,,,,,,,,,,,27.3799991607666,-12.412031476987684,-4.59930859610771,-31.464333822575806,-67.20172728827221,45.989041024936164,2026-09-28,-9,False,False,False,False,,-3,-2,-2,-2,27.3799991607666,23.27299928665161,"Price:Trend Down (LL & LH) [No reversal (no rally high between the lows)] | NewHigh:No | Vol:Volume contracting, price falling | MA:Below EMA | MACD:MACD -2",,CSGP,2026-09-28,27.3799991607666,-9,False,False,False,False,,-3,-2,-2,-2,27.3799991607666,23.27299928665161,"Price:Trend Down (LL & LH) [No reversal (no rally high between the lows)] | NewHigh:No | Vol:Volume contracting, price falling | MA:Below EMA | MACD:MACD -2",
EPAM,,,,,,,,,,,,,,,,,,,,108.29000091552734,-7.602385891400387,24.686243889566416,-21.523301250327176,-28.89691480917046,54.97461132701839,2026-09-28,-9,False,False,False,False,,-3,-2,-2,-2,108.29000091552734,92.04650077819824,"Price:Trend Down (LL & LH) [No reversal (second low not higher)] | NewHigh:No | Vol:Volume contracting, price falling | MA:Below EMA | MACD:MACD -2",,EPAM,2026-09-28,108.29000091552734,-9,False,False,False,False,,-3,-2,-2,-2,108.29000091552734,92.04650077819824,"Price:Trend Down (LL & LH) [No reversal (second low not higher)] | NewHigh:No | Vol:Volume contracting, price falling | MA:Below EMA | MACD:MACD -2",
EQT,,,,,,,,,,,,,,,,,,,,50.16999816894531,-10.008971894268493,-2.673831378647107,-15.46201301723238,-9.612876107763835,29.35077241822372,2026-09-28,-9,False,False,False,False,,-3,-1,-2,-3,50.16999816894531,42.64449844360352,"Price:Trend Down (LL & LH) [No reversal (second low not higher)] | NewHigh:No | Vol:Volume expanding, price falling | MA:Below EMA | MACD:MACD -3",,EQT,2026-09-28,50.16999816894531,-9,False,False,False,False,,-3,-1,-2,-3,50.16999816894531,42.64449844360352,"Price:Trend Down (LL & LH) [No reversal (second low not higher)] | NewHigh:No | Vol:Volume expanding, price falling | MA:Below EMA | MACD:MACD -3",
EXC,,,,,,,,,,,,,,,,,,,,40.72999954223633,-6.4866599005969245,-12.60825416302982,-15.863569927531774,-6.290726348515252,17.45016080280563,2026-09-28,-9,False,False,False,False,,-3,-1,-2,-3,40.72999954223633,34.62049961090088,"Price:Trend Down (LL & LH) [No reversal (no rally high between the lows)] | NewHigh:No | Vol:Volume expanding, price falling | MA:Below EMA | MACD:MACD -3",,EXC,2026-09-28,40.72999954223633,-9,False,False,False,False,,-3,-1,-2,-3,40.72999954223633,34.62049961090088,"Price:Trend Down (LL & LH) [No reversal (no rally high between the lows)] | NewHigh:No | Vol:Volume expanding, price falling | MA:Below EMA | MACD:MACD -3",
EXE,,,,,,,,,,,,,,,,,,,,85.5199966430664,-13.894485596214679,-3.2131841643793124,-16.686762976836455,-19.905061726383757,28.103469269481728,2026-09-28,-9,False,False,False,False,,-3,-1,-2,-3,85.5199966430664,72.69199714660644,"Price:Trend Down (LL & LH) [No reversal (no rally high between the lows)] | NewHigh:No | Vol:Volume expanding, price falling | MA:Below EMA | MACD:MACD -3",,EXE,2026-09-28,85.5199966430664,-9,False,False,False,False,,-3,-1,-2,-3,85.5199966430664,72.69199714660644,"Price:Trend Down (LL & LH) [No reversal (no rally high between the lows)] | NewHigh:No | Vol:Volume expanding, price falling | MA:Below EMA | MACD:MACD -3",
FE,,,,,,,,,,,,,,,,,,,,43.34000015258789,-6.372868232002816,-8.258941008152544,-13.815845268880745,-1.9333965225447947,15.00766685519322,2026-09-28,-9,False,False,False,False,,-3,-1,-2,-3,43.34000015258789,36.839000129699706,"Price:Trend Down (LL & LH) [No reversal (second low not higher)] | NewHigh:No | Vol:Volume expanding, price falling | MA:Below EMA | MACD:MACD -3",,FE,2026-09-28,43.34000015258789,-9,False,False,False,False,,-3,-1,-2,-3,43.34000015258789,36.839000129699706,"Price:Trend Down (LL & LH) [No reversal (second low not higher)] | NewHigh:No | Vol:Volume expanding, price falling | MA:Below EMA | MACD:MACD -3",
HDRN,,,,,,,,,,,,,,,,,,,,1.2400000095367432,-34.04255251692344,-40.096615964900174,-88.34586494806912,-88.23529398458612,71.35140176669722,2026-09-28,-9,False,False,False,False,,-3,-2,-2,-2,1.2400000095367432,1.0540000081062317,"Price:Trend Down (LL & LH) [No reversal (no rally high between the lows)] | NewHigh:No | Vol:Volume contracting, price falling | MA:Below EMA | MACD:MACD -2",,HDRN,2026-09-28,1.2400000095367432,-9,False,False,False,False,,-3,-2,-2,-2,1.2400000095367432,1.0540000081062317,"Price:Trend Down (LL & LH) [No reversal (no rally high between the lows)] | NewHigh:No | Vol:Volume contracting, price falling | MA:Below EMA | MACD:MACD -2",
LOW,,,,,,,,,,,,,,,,,,,,180.8000030517578,-9.527618912652436,-18.707045839108694,-20.880138264839832,-25.59608517740688,25.5254708055508,2026-09-28,-9,False,False,False,False,,-3,-1,-2,-3,180.8000030517578,153.68000259399415,"Price:Trend Down (LL & LH) [No reversal (second low not higher)] | NewHigh:No | Vol:Volume expanding, price falling | MA:Below EMA | MACD:MACD -3",,LOW,2026-09-28,180.8000030517578,-9,False,False,False,False,,-3,-1,-2,-3,180.8000030517578,153.68000259399415,"Price:Trend Down (LL & LH) [No reversal (second low not higher)] | NewHigh:No | Vol:Volume expanding, price falling | MA:Below EMA | MACD:MACD -3",
LVS,,,,,,,,,,,,,,,,,,,,36.22999954223633,-18.65738931853955,-21.723159509012845,-32.511040218614305,-32.41784042402776,24.44863405487298,2026-09-28,-9,False,False,False,False,,-3,-1,-2,-3,36.22999954223633,30.79549961090088,"Price:Trend Down (LL & LH) [No reversal (second low not higher)] | NewHigh:No | Vol:Volume expanding, price falling | MA:Below EMA | MACD:MACD -3",,LVS,2026-09-28,36.22999954223633,-9,False,False,False,False,,-3,-1,-2,-3,36.22999954223633,30.79549961090088,"Price:Trend Down (LL & LH) [No reversal (second low not higher)] | NewHigh:No | Vol:Volume expanding, price falling | MA:Below EMA | MACD:MACD -3",
MCD,,,,,,,,,,,,,,,,,,,,231.88999938964844,-11.136237385697967,-16.444278694442726,-23.44789897011016,-20.852385280525844,20.676770101384694,2026-09-28,-9,False,False,False,False,,-3,-1,-2,-3,231.88999938964844,197.10649948120115,"Price:Trend Down (LL & LH) [No reversal (second low not higher)] | NewHigh:No | Vol:Volume expanding, price falling | MA:Below EMA | MACD:MACD -3",,MCD,2026-09-28,231.88999938964844,-9,False,False,False,False,,-3,-1,-2,-3,231.88999938964844,197.10649948120115,"Price:Trend Down (LL & LH) [No reversal (second low not higher)] | NewHigh:No | Vol:Volume expanding, price falling | MA:Below EMA | MACD:MACD -3",
NEE,,,,,,,,,,,,,,,,,,,,76.83000183105469,-7.545122452702568,-11.47329050756396,-16.291224148730088,0.4677966189625016,14.185375670270266,2026-09-28,-9,False,False,False,False,,-3,-1,-2,-3,76.83000183105469,65.30550155639648,"Price:Trend Down (LL & LH) [No reversal (second low not higher)] | NewHigh:No | Vol:Volume expanding, price falling | MA:Below EMA | MACD:MACD -3",,NEE,2026-09-28,76.83000183105469,-9,False,False,False,False,,-3,-1,-2,-3,76.83000183105469,65.30550155639648,"Price:Trend Down (LL & LH) [No reversal (second low not higher)] | NewHigh:No | Vol:Volume expanding, price falling | MA:Below EMA | MACD:MACD -3",
NFLX,,,,,,,,,,,,,,,,,,,,67.05999755859375,-18.94114004895243,-11.786371323511336,-32.029196159103414,-42.72781650357524,34.810270736711615,2026-09-28,-9,False,False,False,False,,-3,-1,-2,-3,67.05999755859375,57.000997924804686,"Price:Trend Down (LL & LH) [No reversal (second low not higher)] | NewHigh:No | Vol:Volume expanding, price falling | MA:Below EMA | MACD:MACD -3",,NFLX,2026-09-28,67.05999755859375,-9,False,False,False,False,,-3,-1,-2,-3,67.05999755859375,57.000997924804686,"Price:Trend Down (LL & LH) [No reversal (second low not higher)] | NewHigh:No | Vol:Volume expanding, price falling | MA:Below EMA | MACD:MACD -3",
NKE,,,,,,,,,,,,,,,,,,,,33.869998931884766,-11.427830948665484,-21.021476036653407,-21.847522509240036,-52.848034244535484,28.965204555557168,2026-09-28,-9,False,False,False,False,,-3,-1,-2,-3,33.869998931884766,28.78949909210205,"Price:Trend Down (LL & LH) [No reversal (second low not higher)] | NewHigh:No | Vol:Volume expanding, price falling | MA:Below EMA | MACD:MACD -3",,NKE,2026-09-28,33.869998931884766,-9,False,False,False,False,,-3,-1,-2,-3,33.869998931884766,28.78949909210205,"Price:Trend Down (LL & LH) [No reversal (second low not higher)] | NewHigh:No | Vol:Volume expanding, price falling | MA:Below EMA | MACD:MACD -3",
NOC,,,,,,,,,,,,,,,,,,,,478.0,-8.747280875787244,-12.337030119415171,-31.347010658390197,-19.759354456177157,23.989999555536468,2026-09-28,-9,False,False,False,False,,-3,-1,-2,-3,478.0,406.3,"Price:Trend Down (LL & LH) [No reversal (second low not higher)] | NewHigh:No | Vol:Volume expanding, price falling | MA:Below EMA | MACD:MACD -3",,NOC,2026-09-28,478.0,-9,False,False,False,False,,-3,-1,-2,-3,478.0,406.3,"Price:Trend Down (LL & LH) [No reversal (second low not higher)] | NewHigh:No | Vol:Volume expanding, price falling | MA:Below EMA | MACD:MACD -3",
NRG,,,,,,,,,,,,,,,,,,,,95.2300033569336,-14.27670672768534,-32.226055498024444,-37.21873895341387,-40.45655776149244,54.16449863773497,2026-09-28,-9,False,False,False,False,,-3,-1,-2,-3,95.2300033569336,80.94550285339355,"Price:Trend Down (LL & LH) [No reversal (second low not higher)] | NewHigh:No | Vol:Volume expanding, price falling | MA:Below EMA | MACD:MACD -3",,NRG,2026-09-28,95.2300033569336,-9,False,False,False,False,,-3,-1,-2,-3,95.2300033569336,80.94550285339355,"Price:Trend Down (LL & LH) [No reversal (second low not higher)] | NewHigh:No | Vol:Volume expanding, price falling | MA:Below EMA | MACD:MACD -3",
PCG,,,,,,,,,,,,,,,,,,,,12.319999694824219,-7.195926707341071,-26.451942156989674,-30.181407356516456,-20.29906968273264,54.13011148579155,2026-09-28,-9,False,False,False,False,,-3,-1,-2,-3,12.319999694824219,10.471999740600586,"Price:Trend Down (LL & LH) [No reversal (second low not higher)] | NewHigh:No | Vol:Volume expanding, price falling | MA:Below EMA | MACD:MACD -3",,PCG,2026-09-28,12.319999694824219,-9,False,False,False,False,,-3,-1,-2,-3,12.319999694824219,10.471999740600586,"Price:Trend Down (LL & LH) [No reversal (second low not higher)] | NewHigh:No | Vol:Volume expanding, price falling | MA:Below EMA | MACD:MACD -3",
PEG,,,,,,,,,,,,,,,,,,,,68.06999969482422,-6.3149047894207495,-14.97721355996875,-15.317694218442735,-14.714735870618256,15.281267914529066,2026-09-22,-9,False,False,False,False,,-3,-1,-2,-3,66.7300033569336,56.720502853393555,"Price:Trend Down (LL & LH) [No reversal (no rally high between the lows)] | NewHigh:No | Vol:Volume expanding, price falling | MA:Below EMA | MACD:MACD -3",,PEG,2026-09-22,68.06999969482422,-9,False,False,False,False,,-3,-1,-2,-3,66.7300033569336,56.720502853393555,"Price:Trend Down (LL & LH) [No reversal (no rally high between the lows)] | NewHigh:No | Vol:Volume expanding, price falling | MA:Below EMA | MACD:MACD -3",
PEP,,,,,,,,,,,,,,,,,,,,125.88999938964844,-9.454267931651984,-11.204637323527555,-18.111247763409043,-8.4874879069622,19.21970435126395,2026-09-28,-9,False,False,False,False,,-3,-1,-2,-3,125.88999938964844,107.00649948120117,"Price:Trend Down (LL & LH) [No reversal (second low not higher)] | NewHigh:No | Vol:Volume expanding, price falling | MA:Below EMA | MACD:MACD -3",,PEP,2026-09-28,125.88999938964844,-9,False,False,False,False,,-3,-1,-2,-3,125.88999938964844,107.00649948120117,"Price:Trend Down (LL & LH) [No reversal (second low not higher)] | NewHigh:No | Vol:Volume expanding, price falling | MA:Below EMA | MACD:MACD -3",
PNR,,,,,,,,,,,,,,,,,,,,53.029998779296875,-11.38034985950197,-29.482741058866544,-37.748504512792515,-51.421556317988085,40.89524398259671,2026-09-28,-9,False,False,False,False,,-3,-1,-2,-3,53.029998779296875,45.07549896240234,"Price:Trend Down (LL & LH) [No reversal (no rally high between the lows)] | NewHigh:No | Vol:Volume expanding, price falling | MA:Below EMA | MACD:MACD -3",,PNR,2026-09-28,53.029998779296875,-9,False,False,False,False,,-3,-1,-2,-3,53.029998779296875,45.07549896240234,"Price:Trend Down (LL & LH) [No reversal (no rally high between the lows)] | NewHigh:No | Vol:Volume expanding, price falling | MA:Below EMA | MACD:MACD -3",
STZ,,,,,,,,,,,,,,,,,,,,112.87000274658203,-12.740628202015735,-12.948145820608692,-24.260288353741554,-16.395510501127475,26.627025344094836,2026-09-28,-9,False,False,False,False,,-3,-1,-2,-3,112.87000274658203,95.93950233459472,"Price:Trend Down (LL & LH) [No reversal (second low not higher)] | NewHigh:No | Vol:Volume expanding, price falling | MA:Below EMA | MACD:MACD -3",,STZ,2026-09-28,112.87000274658203,-9,False,False,False,False,,-3,-1,-2,-3,112.87000274658203,95.93950233459472,"Price:Trend Down (LL & LH) [No reversal (second low not higher)] | NewHigh:No | Vol:Volume expanding, price falling | MA:Below EMA | MACD:MACD -3",
TKO,,,,,,,,,,,,,,,,,,,,175.5800018310547,-7.108402649992884,-8.320875672317317,-13.139721887043553,-10.260412852554591,28.190261113557558,2026-09-28,-9,False,False,False,False,,-3,-1,-2,-3,175.5800018310547,149.24300155639648,"Price:Trend Down (LL & LH) [No reversal (second low not higher)] | NewHigh:No | Vol:Volume expanding, price falling | MA:Below EMA | MACD:MACD -3",,TKO,2026-09-28,175.5800018310547,-9,False,False,False,False,,-3,-1,-2,-3,175.5800018310547,149.24300155639648,"Price:Trend Down (LL & LH) [No reversal (second low not higher)] | NewHigh:No | Vol:Volume expanding, price falling | MA:Below EMA | MACD:MACD -3",
USAR,,,,,,,,,,,,,,,,,,,,13.59000015258789,-23.865546990711483,-29.767442456475735,-14.635677842587425,-26.181421698934805,78.65004190434654,2026-09-28,-9,False,False,False,False,,-3,-1,-2,-3,13.59000015258789,11.551500129699706,"Price:Trend Down (LL & LH) [No reversal (second low not higher)] | NewHigh:No | Vol:Volume expanding, price falling | MA:Below EMA | MACD:MACD -3",,USAR,2026-09-28,13.59000015258789,-9,False,False,False,False,,-3,-1,-2,-3,13.59000015258789,11.551500129699706,"Price:Trend Down (LL & LH) [No reversal (second low not higher)] | NewHigh:No | Vol:Volume expanding, price falling | MA:Below EMA | MACD:MACD -3",
VICI,,,,,,,,,,,,,,,,,,,,22.649999618530273,-9.867778349136358,-13.547331381185558,-15.145563330801181,-26.350674329342226,17.827647147652392,2026-09-28,-9,False,False,False,False,,-3,-1,-2,-3,22.649999618530273,19.25249967575073,"Price:Trend Down (LL & LH) [No reversal (second low not higher)] | NewHigh:No | Vol:Volume expanding, price falling | MA:Below EMA | MACD:MACD -3",,VICI,2026-09-28,22.649999618530273,-9,False,False,False,False,,-3,-1,-2,-3,22.649999618530273,19.25249967575073,"Price:Trend Down (LL & LH) [No reversal (second low not higher)] | NewHigh:No | Vol:Volume expanding, price falling | MA:Below EMA | MACD:MACD -3",
WYNN,,,,,,,,,,,,,,,,,,,,75.87999725341797,-17.089160799082403,-20.673938011453362,-25.25181567400051,-41.99007191527182,25.2294057356451,2026-09-28,-9,False,False,False,False,,-3,-1,-2,-3,75.87999725341797,64.49799766540526,"Price:Trend Down (LL & LH) [No reversal (second low not higher)] | NewHigh:No | Vol:Volume expanding, price falling | MA:Below EMA | MACD:MACD -3",,WYNN,2026-09-28,75.87999725341797,-9,False,False,False,False,,-3,-1,-2,-3,75.87999725341797,64.49799766540526,"Price:Trend Down (LL & LH) [No reversal (second low not higher)] | NewHigh:No | Vol:Volume expanding, price falling | MA:Below EMA | MACD:MACD -3",
XYL,,,,,,,,,,,,,,,,,,,,101.79000091552734,-4.637433995979445,-14.43864009076733,-15.406567562550022,-30.202279071417195,27.29386085561095,2026-09-28,-9,False,False,False,False,,-3,-1,-2,-3,101.79000091552734,86.52150077819825,"Price:Trend Down (LL & LH) [No reversal (second low not higher)] | NewHigh:No | Vol:Volume expanding, price falling | MA:Below EMA | MACD:MACD -3",,XYL,2026-09-28,101.79000091552734,-9,False,False,False,False,,-3,-1,-2,-3,101.79000091552734,86.52150077819825,"Price:Trend Down (LL & LH) [No reversal (second low not higher)] | NewHigh:No | Vol:Volume expanding, price falling | MA:Below EMA | MACD:MACD -3",
YUM,,,,,,,,,,,,,,,,,,,,136.1199951171875,-9.561532456736177,-17.581622119725402,-11.925330891147901,-9.41746583034565,29.089869310718687,2026-09-28,-9,False,False,False,False,,-3,-1,-2,-3,136.1199951171875,115.70199584960938,"Price:Trend Down (LL & LH) [No reversal (second low not higher)] | NewHigh:No | Vol:Volume expanding, price falling | MA:Below EMA | MACD:MACD -3",,YUM,2026-09-28,136.1199951171875,-9,False,False,False,False,,-3,-1,-2,-3,136.1199951171875,115.70199584960938,"Price:Trend Down (LL & LH) [No reversal (second low not higher)] | NewHigh:No | Vol:Volume expanding, price falling | MA:Below EMA | MACD:MACD -3",
ALGN,,,,,,,,,,,,,,,,,,,,143.74000549316406,-9.68268237153902,-23.700830214524526,-15.744431213005717,12.719580675255271,34.59068763168462,2026-09-28,-10,False,False,False,False,,-3,-2,-2,-3,143.74000549316406,122.17900466918945,"Price:Trend Down (LL & LH) [No reversal (second low not higher)] | NewHigh:No | Vol:Volume contracting, price falling | MA:Below EMA | MACD:MACD -3",,ALGN,2026-09-28,143.74000549316406,-10,False,False,False,False,,-3,-2,-2,-3,143.74000549316406,122.17900466918945,"Price:Trend Down (LL & LH) [No reversal (second low not higher)] | NewHigh:No | Vol:Volume contracting, price falling | MA:Below EMA | MACD:MACD -3",
CVNA,,,,,,,,,,,,,,,,,,,,63.77000045776367,-14.010251741201408,-9.391868504702572,1.5736977778182837,-19.36218119527244,56.993552799012136,2026-09-28,-10,False,False,False,False,,-3,-2,-2,-3,63.77000045776367,54.20450038909912,"Price:Trend Down (LL & LH) [No reversal (no rally high between the lows)] | NewHigh:No | Vol:Volume contracting, price falling | MA:Below EMA | MACD:MACD -3",,CVNA,2026-09-28,63.77000045776367,-10,False,False,False,False,,-3,-2,-2,-3,63.77000045776367,54.20450038909912,"Price:Trend Down (LL & LH) [No reversal (no rally high between the lows)] | NewHigh:No | Vol:Volume contracting, price falling | MA:Below EMA | MACD:MACD -3",
IBM,,,,,,,,,,,,,,,,,,,,222.63999938964844,-3.9102277418750275,-25.13451065582174,-8.97506376016073,-20.2666943684352,60.13592777322281,2026-09-28,-10,False,False,False,False,,-3,-2,-2,-3,222.63999938964844,189.24399948120117,"Price:Trend Down (LL & LH) [No reversal (second low not higher)] | NewHigh:No | Vol:Volume contracting, price falling | MA:Below EMA | MACD:MACD -3",,IBM,2026-09-28,222.63999938964844,-10,False,False,False,False,,-3,-2,-2,-3,222.63999938964844,189.24399948120117,"Price:Trend Down (LL & LH) [No reversal (second low not higher)] | NewHigh:No | Vol:Volume contracting, price falling | MA:Below EMA | MACD:MACD -3",
MP,,,,,,,,,,,,,,,,,,,,46.970001220703125,-14.131626022706723,-11.394071480995638,-5.549966513048332,-30.548568492911933,64.82454677463258,2026-09-28,-10,False,False,False,False,,-3,-2,-2,-3,46.970001220703125,39.92450103759766,"Price:Trend Down (LL & LH) [No reversal (no rally high between the lows)] | NewHigh:No | Vol:Volume contracting, price falling | MA:Below EMA | MACD:MACD -3",,MP,2026-09-28,46.970001220703125,-10,False,False,False,False,,-3,-2,-2,-3,46.970001220703125,39.92450103759766,"Price:Trend Down (LL & LH) [No reversal (no rally high between the lows)] | NewHigh:No | Vol:Volume contracting, price falling | MA:Below EMA | MACD:MACD -3",
UUUU,,,,,,,,,,,,,,,,,,,,10.729999542236328,-24.912529245067006,-22.076984854516535,-39.54929835359815,-31.699557503616948,65.67838941881679,2026-09-28,-10,False,False,False,False,,-3,-2,-2,-3,10.729999542236328,9.120499610900879,"Price:Trend Down (LL & LH) [No reversal (no rally high between the lows)] | NewHigh:No | Vol:Volume contracting, price falling | MA:Below EMA | MACD:MACD -3",,UUUU,2026-09-28,10.729999542236328,-10,False,False,False,False,,-3,-2,-2,-3,10.729999542236328,9.120499610900879,"Price:Trend Down (LL & LH) [No reversal (no rally high between the lows)] | NewHigh:No | Vol:Volume contracting, price falling | MA:Below EMA | MACD:MACD -3",
AVB,,,,,,,,,,,,,,,,,,,,184.05999755859375,,,,,,2026-10-05,,False,False,False,False,,,,,,184.05999755859375,,,Only 1 completed weekly bars available (need 60) - insufficient history to score,AVB,2026-10-05,184.05999755859375,,False,False,False,False,,,,,,184.05999755859375,,,Only 1 completed weekly bars available (need 60) - insufficient history to score
EA,,,,,,,,,,,,,,,,,,,,209.6999969482422,,,,,,2026-10-05,,False,False,False,False,,,,,,209.6999969482422,,,Only 1 completed weekly bars available (need 60) - insufficient history to score,EA,2026-10-05,209.6999969482422,,False,False,False,False,,,,,,209.6999969482422,,,Only 1 completed weekly bars available (need 60) - insufficient history to score
EQR,,,,,,,,,,,,,,,,,,,,63.65999984741211,,,,,,2026-10-05,,False,False,False,False,,,,,,63.65999984741211,,,Only 1 completed weekly bars available (need 60) - insufficient history to score,EQR,2026-10-05,63.65999984741211,,False,False,False,False,,,,,,63.65999984741211,,,Only 1 completed weekly bars available (need 60) - insufficient history to score
NKLR,,,,,,,,,,,,,,,,,,,,3.509999990463257,-32.23938017795231,-23.194751452553398,-22.516560090584314,,84.05755967971342,2026-10-05,,False,False,False,False,,,,,,3.509999990463257,,,Only 52 completed weekly bars available (need 60) - insufficient history to score,NKLR,2026-10-05,3.509999990463257,,False,False,False,False,,,,,,3.509999990463257,,,Only 52 completed weekly bars available (need 60) - insufficient history to score
Q,,,,,,,,,,,,,,,,,,,,131.47999572753906,11.717217265755743,-10.303021155112335,12.961266724427635,,44.11127799037735,2026-10-05,,False,False,False,False,,,,,,131.47999572753906,,,Only 49 completed weekly bars available (need 60) - insufficient history to score,Q,2026-10-05,131.47999572753906,,False,False,False,False,,,,,,131.47999572753906,,,Only 49 completed weekly bars available (need 60) - insufficient history to score
SPCX,,,,,,,,,,,,,,,,,,,,158.9600067138672,12.969937551855315,-0.9101056425275256,,,71.59624471918264,2026-10-05,,False,False,False,False,,,,,,158.9600067138672,,,Only 17 completed weekly bars available (need 60) - insufficient history to score,SPCX,2026-10-05,158.9600067138672,,False,False,False,False,,,,,,158.9600067138672,,,Only 17 completed weekly bars available (need 60) - insufficient history to score
VCX,,,,,,,,,,,,,,,,,,,,29.829999923706055,-15.66298890437512,-61.38011296126897,-73.60176997902119,,116.8807061400616,2026-10-05,,False,False,False,False,,,,,,29.829999923706055,,,Only 29 completed weekly bars available (need 60) - insufficient history to score,VCX,2026-10-05,29.829999923706055,,False,False,False,False,,,,,,29.829999923706055,,,Only 29 completed weekly bars available (need 60) - insufficient history to score
XE,,,,,,,,,,,,,,,,,,,,14.380000114440918,-20.55248722998504,-21.506548286113958,,,92.05923974002143,2026-10-05,,False,False,False,False,,,,,,14.380000114440918,,,Only 24 completed weekly bars available (need 60) - insufficient history to score,XE,2026-10-05,14.380000114440918,,False,False,False,False,,,,,,14.380000114440918,,,Only 24 completed weekly bars available (need 60) - insufficient history to score
